Beat Master,,,,,,,,,,,,
,,,,,,,,,Printed by ITD436_OP1 at 22/05/2026 12:26:58,,,
DS Type :,16 - Convenience Ds CDM,,,,,,,,,,,
DS Name :,"KHOKON DEY - 11810,CHANDANA DAS - 118101,Sanjoy Adhakari - 118109,BABLU CHOUDHURY - 11811,ANIL SINGH - 118113,X - 118116,SOUMEN MAITY - 118117,MOLOY MAITY - 118118,BHOLA NATH MAL - 118119,BASIR AHMED ...",,,,,,,,,,,
Customer :,All,,,,,,,,,,,
DS Code,DS Name,DS Type,DS Status,Beat Code,Beat Name,Beat End Date,Customer Code,Customer Name,Customer Status,Frequency,Date of Beat Modification,Max Beat Count
11876,A,16 - Convenience Ds CDM,Active,64,HARISH CHATTERJEE CG,31-12-2099,118EXP2020CU0227,A1 MADAN PAN,Active,Daily,24-02-2017 12:34,
11876,A,16 - Convenience Ds CDM,Active,64,HARISH CHATTERJEE CG,31-12-2099,118EXP2020CU0444,A10 BENARASHI PAN,Active,Daily,24-02-2017 12:34,
11876,A,16 - Convenience Ds CDM,Active,64,HARISH CHATTERJEE CG,31-12-2099,118EXP2020CU0450,A11 MADAN PAN SHOP,Active,Daily,24-02-2017 12:34,
11876,A,16 - Convenience Ds CDM,Active,64,HARISH CHATTERJEE CG,31-12-2099,118EXP2020CU0451,A12 ROHIT STORE,Active,Daily,24-02-2017 12:34,
11876,A,16 - Convenience Ds CDM,Active,64,HARISH CHATTERJEE CG,31-12-2099,118EXP2022CU0085,A13 B LAL,Active,Daily,24-02-2017 12:34,
11876,A,16 - Convenience Ds CDM,Active,64,HARISH CHATTERJEE CG,31-12-2099,118EXP2022CU0086,A14 AMAR NATH PAN,Active,Daily,24-02-2017 12:34,
11876,A,16 - Convenience Ds CDM,Active,64,HARISH CHATTERJEE CG,31-12-2099,118EXP2022CU0087,A15 RAMU SINGH,Active,Daily,24-02-2017 12:34,
11876,A,16 - Convenience Ds CDM,Active,64,HARISH CHATTERJEE CG,31-12-2099,118EXP2022CU0088,A16 J P UTTAM,Active,Daily,24-02-2017 12:34,
11876,A,16 - Convenience Ds CDM,Active,64,HARISH CHATTERJEE CG,31-12-2099,118EXP2022CU0089,A17 PAPPU BENARASHI,Active,Daily,24-02-2017 12:34,
11876,A,16 - Convenience Ds CDM,Active,64,HARISH CHATTERJEE CG,31-12-2099,118EXP2022CU0202,A18 TAPAN DEY,Active,Daily,24-02-2017 12:34,
11876,A,16 - Convenience Ds CDM,Active,64,HARISH CHATTERJEE CG,31-12-2099,118EXP2020CU0228,A2 SHIBANJALI,Active,Daily,24-02-2017 12:34,
11876,A,16 - Convenience Ds CDM,Active,64,HARISH CHATTERJEE CG,31-12-2099,118EXP2022CU0203,A20 R C PAN,Active,Daily,24-02-2017 12:34,
11876,A,16 - Convenience Ds CDM,Active,64,HARISH CHATTERJEE CG,31-12-2099,118EXP2022CU0204,A21 DILIP DALA,Active,Daily,24-02-2017 12:34,
11876,A,16 - Convenience Ds CDM,Active,64,HARISH CHATTERJEE CG,31-12-2099,118EXP2020CU0229,A3 JAGANNATH PAN,Active,Daily,24-02-2017 12:34,
11876,A,16 - Convenience Ds CDM,Active,64,HARISH CHATTERJEE CG,31-12-2099,118EXP2020CU0230,A4 R S PAN,Active,Daily,24-02-2017 12:34,
11876,A,16 - Convenience Ds CDM,Active,64,HARISH CHATTERJEE CG,31-12-2099,118EXP2020CU0231,A5 RAMJI SHAW,Active,Daily,24-02-2017 12:34,
11876,A,16 - Convenience Ds CDM,Active,64,HARISH CHATTERJEE CG,31-12-2099,118EXP2020CU0232,A6 NEW BENARASI,Active,Daily,24-02-2017 12:34,
11876,A,16 - Convenience Ds CDM,Active,64,HARISH CHATTERJEE CG,31-12-2099,118EXP2020CU0441,A7 UTTAM PAN,Active,Daily,24-02-2017 12:34,
11876,A,16 - Convenience Ds CDM,Active,64,HARISH CHATTERJEE CG,31-12-2099,118EXP2020CU0442,A8 GOBINDA SINGH,Active,Daily,24-02-2017 12:34,
11876,A,16 - Convenience Ds CDM,Active,64,HARISH CHATTERJEE CG,31-12-2099,118EXP2020CU0443,A9 B PAN STORES,Active,Daily,24-02-2017 12:34,
11851,ABHIJIT DAS,16 - Convenience Ds CDM,Active,123,ROY BHADUR ROAD CG 2,31-12-2099,118EXP2018CU0004,ROUTE 15,Active,Daily,06-10-2017 12:05,
118113,ANIL SINGH,16 - Convenience Ds CDM,Inactive,286,TC Road 2,31-12-2099,118807869,AJOY PAN,Active,Daily,05-02-2025 14:14,
118113,ANIL SINGH,16 - Convenience Ds CDM,Inactive,286,TC Road 2,31-12-2099,118807863,B D GUPTA,Active,Daily,05-02-2025 14:14,
118113,ANIL SINGH,16 - Convenience Ds CDM,Inactive,286,TC Road 2,31-12-2099,118807756,B SINGH,Active,Daily,05-02-2025 14:14,
118113,ANIL SINGH,16 - Convenience Ds CDM,Inactive,286,TC Road 2,31-12-2099,118841413,BHUMI ST,Active,Daily,05-02-2025 14:14,
118113,ANIL SINGH,16 - Convenience Ds CDM,Inactive,286,TC Road 2,31-12-2099,118841381,GHOSH PAN,Active,Daily,05-02-2025 14:14,
118113,ANIL SINGH,16 - Convenience Ds CDM,Inactive,286,TC Road 2,31-12-2099,118809490,JAGANATH PAN,Active,Daily,05-02-2025 14:14,
118113,ANIL SINGH,16 - Convenience Ds CDM,Inactive,286,TC Road 2,31-12-2099,118841284,JHARNA ST,Active,Daily,05-02-2025 14:14,
118113,ANIL SINGH,16 - Convenience Ds CDM,Inactive,286,TC Road 2,31-12-2099,118841294,LAXMI NARAYAN ST,Active,Daily,05-02-2025 14:14,
118113,ANIL SINGH,16 - Convenience Ds CDM,Inactive,286,TC Road 2,31-12-2099,118841398,MINOTI,Active,Daily,05-02-2025 14:14,
118113,ANIL SINGH,16 - Convenience Ds CDM,Inactive,286,TC Road 2,31-12-2099,118841421,MINOTI ST,Active,Daily,05-02-2025 14:14,
118113,ANIL SINGH,16 - Convenience Ds CDM,Inactive,286,TC Road 2,31-12-2099,118841426,POPULAR,Active,Daily,05-02-2025 14:14,
118113,ANIL SINGH,16 - Convenience Ds CDM,Inactive,286,TC Road 2,31-12-2099,118841431,REKHA ST,Active,Daily,05-02-2025 14:14,
118113,ANIL SINGH,16 - Convenience Ds CDM,Inactive,286,TC Road 2,31-12-2099,118807774,S P GUPTA,Active,Daily,05-02-2025 14:14,
118113,ANIL SINGH,16 - Convenience Ds CDM,Inactive,286,TC Road 2,31-12-2099,118807880,SUBHASH PAN,Active,Daily,05-02-2025 14:14,
118113,ANIL SINGH,16 - Convenience Ds CDM,Inactive,286,TC Road 2,31-12-2099,118841312,SUVO PAN,Active,Daily,05-02-2025 14:14,
11853,ARIF AHMED,16 - Convenience Ds CDM,Active,125,A.J.C BOSE ROAD CG 2,31-12-2099,118CU0179,ROUTE 2,Active,Daily,10-10-2017 16:04,
11849,ARYAN AHMED,16 - Convenience Ds CDM,Active,121,KALIGHAT 2 CG 2,31-12-2099,118CU0190,ROUTE 5,Active,Daily,04-10-2017 12:59,
11841,ATANU GARAI,16 - Convenience Ds CDM,Active,198,D P S 2 CG,31-12-2099,118EXP2018CU0015,ROUTE 19,Active,Daily,12-09-2025 11:04,
11822,ATANU MAITY,16 - Convenience Ds CDM,Active,120,HAZRA ROAD CG 2,31-12-2099,118CU1052,D P SHING,Active,Daily,24-07-2025 12:53,
11822,ATANU MAITY,16 - Convenience Ds CDM,Active,120,HAZRA ROAD CG 2,31-12-2099,118CU0180,ROUTE 13,Active,Daily,24-07-2025 12:53,
11877,B,16 - Convenience Ds CDM,Active,54,KALIGHAT 2 CG,31-12-2099,118EXP2020CU0233,B1 LAKHAN SHAW,Active,Daily,24-02-2017 12:30,
11877,B,16 - Convenience Ds CDM,Active,54,KALIGHAT 2 CG,31-12-2099,118EXP2020CU0354,B10 RAM SINGH,Active,Daily,24-02-2017 12:30,
11877,B,16 - Convenience Ds CDM,Active,54,KALIGHAT 2 CG,31-12-2099,118EXP2020CU0355,B11 GOPAL SHAW,Active,Daily,24-02-2017 12:30,
11877,B,16 - Convenience Ds CDM,Active,54,KALIGHAT 2 CG,31-12-2099,118EXP2020CU0356,B12 BIRENDRA SHAW,Active,Daily,24-02-2017 12:30,
11877,B,16 - Convenience Ds CDM,Active,54,KALIGHAT 2 CG,31-12-2099,118EXP2021CU0093,B13 RAJ & BROTHERS,Active,Daily,24-02-2017 12:30,
11877,B,16 - Convenience Ds CDM,Active,54,KALIGHAT 2 CG,31-12-2099,118EXP2021CU0094,B14 R N PAN,Active,Daily,24-02-2017 12:30,
11877,B,16 - Convenience Ds CDM,Active,54,KALIGHAT 2 CG,31-12-2099,118EXP2021CU0095,B15 TARA MAA PAN,Active,Daily,24-02-2017 12:30,
11877,B,16 - Convenience Ds CDM,Active,54,KALIGHAT 2 CG,31-12-2099,118EXP2021CU0096,B16 RAM BILASH CHOWPAL,Active,Daily,24-02-2017 12:30,
11877,B,16 - Convenience Ds CDM,Active,54,KALIGHAT 2 CG,31-12-2099,118EXP2021CU0097,B17 SURESH BENARASHI,Active,Daily,24-02-2017 12:30,
11877,B,16 - Convenience Ds CDM,Active,54,KALIGHAT 2 CG,31-12-2099,118EXP2021CU0098,B18 SURESH SHAW,Active,Daily,24-02-2017 12:30,
11877,B,16 - Convenience Ds CDM,Active,54,KALIGHAT 2 CG,31-12-2099,118EXP2022CU0098,B19 PHOOL CHAND CHOWRASIA,Active,Daily,24-02-2017 12:30,
11877,B,16 - Convenience Ds CDM,Active,54,KALIGHAT 2 CG,31-12-2099,118EXP2020CU0234,B2 B K SHAW,Active,Daily,24-02-2017 12:30,
11877,B,16 - Convenience Ds CDM,Active,54,KALIGHAT 2 CG,31-12-2099,118EXP2022CU0099,B20 AP & JK GUPTA,Active,Daily,24-02-2017 12:30,
11877,B,16 - Convenience Ds CDM,Active,54,KALIGHAT 2 CG,31-12-2099,118EXP2022CU0100,B21 AUDDY STORES,Active,Daily,24-02-2017 12:30,
11877,B,16 - Convenience Ds CDM,Active,54,KALIGHAT 2 CG,31-12-2099,118EXP2022CU0101,B22 MAHESHWAR SHAW,Active,Daily,24-02-2017 12:30,
11877,B,16 - Convenience Ds CDM,Active,54,KALIGHAT 2 CG,31-12-2099,118EXP2022CU0206,B23 N N SABTH,Active,Daily,24-02-2017 12:30,
11877,B,16 - Convenience Ds CDM,Active,54,KALIGHAT 2 CG,31-12-2099,118EXP2022CU0207,B24 BASHUDEB DEY,Active,Daily,24-02-2017 12:30,
11877,B,16 - Convenience Ds CDM,Active,54,KALIGHAT 2 CG,31-12-2099,118EXP2022CU0208,B25 BABU STORES,Active,Daily,24-02-2017 12:30,
11877,B,16 - Convenience Ds CDM,Active,54,KALIGHAT 2 CG,31-12-2099,118EXP2022CU0209,B26 RAMA TEA,Active,Daily,24-02-2017 12:30,
11877,B,16 - Convenience Ds CDM,Active,54,KALIGHAT 2 CG,31-12-2099,118EXP2022CU0210,B27 SUBHAS CHANDRA TIWARI,Active,Daily,24-02-2017 12:30,
11877,B,16 - Convenience Ds CDM,Active,54,KALIGHAT 2 CG,31-12-2099,118EXP2022CU0211,B28 DUTTA & SON,Active,Daily,24-02-2017 12:30,
11877,B,16 - Convenience Ds CDM,Active,54,KALIGHAT 2 CG,31-12-2099,118EXP2022CU0212,B29 BINOD SINGH,Active,Daily,24-02-2017 12:30,
11877,B,16 - Convenience Ds CDM,Active,54,KALIGHAT 2 CG,31-12-2099,118EXP2020CU0235,B3 MADAN BISWAS,Active,Daily,24-02-2017 12:30,
11877,B,16 - Convenience Ds CDM,Active,54,KALIGHAT 2 CG,31-12-2099,118EXP2022CU0213,B30 SUMON STORES,Active,Daily,24-02-2017 12:30,
11877,B,16 - Convenience Ds CDM,Active,54,KALIGHAT 2 CG,31-12-2099,118EXP2022CU0214,B31 AJIT STORES,Active,Daily,24-02-2017 12:30,
11877,B,16 - Convenience Ds CDM,Active,54,KALIGHAT 2 CG,31-12-2099,118EXP2022CU0215,B32 KANU MANJHI,Active,Daily,24-02-2017 12:30,
11877,B,16 - Convenience Ds CDM,Active,54,KALIGHAT 2 CG,31-12-2099,118EXP2022CU0216,B33 SURESH CHOWRASIA,Active,Daily,24-02-2017 12:30,
11877,B,16 - Convenience Ds CDM,Active,54,KALIGHAT 2 CG,31-12-2099,118EXP2022CU0217,B34 BIJOY DAS,Active,Daily,24-02-2017 12:30,
11877,B,16 - Convenience Ds CDM,Active,54,KALIGHAT 2 CG,31-12-2099,118EXP2022CU0218,B35 RAJENDER,Active,Daily,24-02-2017 12:30,
11877,B,16 - Convenience Ds CDM,Active,54,KALIGHAT 2 CG,31-12-2099,118EXP2022CU0219,B36 PRABHAT HALDER,Active,Daily,24-02-2017 12:30,
11877,B,16 - Convenience Ds CDM,Active,54,KALIGHAT 2 CG,31-12-2099,118EXP2022CU0220,B37 BENARASHI PAN BHANDAR,Active,Daily,24-02-2017 12:30,
11877,B,16 - Convenience Ds CDM,Active,54,KALIGHAT 2 CG,31-12-2099,118EXP2022CU0221,B38 MANU DAS,Active,Daily,24-02-2017 12:30,
11877,B,16 - Convenience Ds CDM,Active,54,KALIGHAT 2 CG,31-12-2099,118EXP2022CU0223,B39 GANESH DASGUPTA,Active,Daily,24-02-2017 12:30,
11877,B,16 - Convenience Ds CDM,Active,54,KALIGHAT 2 CG,31-12-2099,118EXP2020CU0236,B4 M DAS,Active,Daily,24-02-2017 12:30,
11877,B,16 - Convenience Ds CDM,Active,54,KALIGHAT 2 CG,31-12-2099,118EXP2022CU0224,B40 LALU TRADERS,Active,Daily,24-02-2017 12:30,
11877,B,16 - Convenience Ds CDM,Active,54,KALIGHAT 2 CG,31-12-2099,118EXP2020CU0237,B5 GANESH STORES,Active,Daily,24-02-2017 12:30,
11877,B,16 - Convenience Ds CDM,Active,54,KALIGHAT 2 CG,31-12-2099,118EXP2020CU0238,B6 M SHAW,Active,Daily,24-02-2017 12:30,
11877,B,16 - Convenience Ds CDM,Active,54,KALIGHAT 2 CG,31-12-2099,118EXP2020CU0351,B7 RAM DAS,Active,Daily,24-02-2017 12:30,
11877,B,16 - Convenience Ds CDM,Active,54,KALIGHAT 2 CG,31-12-2099,118EXP2020CU0352,B8 NANDA KISHOR SHAW,Active,Daily,24-02-2017 12:30,
11877,B,16 - Convenience Ds CDM,Active,54,KALIGHAT 2 CG,31-12-2099,118EXP2020CU0353,B9 NAMITA PATRA,Active,Daily,24-02-2017 12:30,
11877,B,16 - Convenience Ds CDM,Active,54,KALIGHAT 2 CG,31-12-2099,118CU0190,ROUTE 5,Active,Daily,24-02-2017 12:30,
118119,BHOLA NATH MAL,16 - Convenience Ds CDM,Active,CY0000000325,D P S 2 CG2,31-12-2999,118DMS092500195,ROUTE 19A,Active,Daily,12-09-2025 11:31,
11878,C,16 - Convenience Ds CDM,Active,53,KALIGHAT 1 CG,31-12-2099,118EXP2020CU0239,C1 SWAPAN BANIK,Active,Daily,24-02-2017 12:29,
11878,C,16 - Convenience Ds CDM,Active,53,KALIGHAT 1 CG,31-12-2099,118EXP2020CU0460,C10 ASHIRBAD,Active,Daily,24-02-2017 12:29,
11878,C,16 - Convenience Ds CDM,Active,53,KALIGHAT 1 CG,31-12-2099,118EXP2020CU0461,C11 KALI MATA STORE,Active,Daily,24-02-2017 12:29,
11878,C,16 - Convenience Ds CDM,Active,53,KALIGHAT 1 CG,31-12-2099,118EXP2022CU0018,C12 MOTI LAL SHAW,Active,Daily,24-02-2017 12:29,
11878,C,16 - Convenience Ds CDM,Active,53,KALIGHAT 1 CG,31-12-2099,118EXP2022CU0019,C13 MANTU SHAW,Active,Daily,24-02-2017 12:29,
11878,C,16 - Convenience Ds CDM,Active,53,KALIGHAT 1 CG,31-12-2099,118EXP2022CU0020,C14 RAJENDRA PRASAD,Active,Daily,24-02-2017 12:29,
11878,C,16 - Convenience Ds CDM,Active,53,KALIGHAT 1 CG,31-12-2099,118EXP2022CU0021,C15 AJAY SHAW,Active,Daily,24-02-2017 12:29,
11878,C,16 - Convenience Ds CDM,Active,53,KALIGHAT 1 CG,31-12-2099,118EXP2022CU0022,C16 PAPPU BENARASI,Active,Daily,24-02-2017 12:29,
11878,C,16 - Convenience Ds CDM,Active,53,KALIGHAT 1 CG,31-12-2099,118EXP2022CU0225,C17 MAA KALI STORES,Active,Daily,24-02-2017 12:29,
11878,C,16 - Convenience Ds CDM,Active,53,KALIGHAT 1 CG,31-12-2099,118EXP2022CU0226,C18 B SHAW,Active,Daily,24-02-2017 12:29,
11878,C,16 - Convenience Ds CDM,Active,53,KALIGHAT 1 CG,31-12-2099,118EXP2022CU0227,C19 BAPI STORES,Active,Daily,24-02-2017 12:29,
11878,C,16 - Convenience Ds CDM,Active,53,KALIGHAT 1 CG,31-12-2099,118EXP2020CU0240,C2 MANTU SHAW,Active,Daily,24-02-2017 12:29,
11878,C,16 - Convenience Ds CDM,Active,53,KALIGHAT 1 CG,31-12-2099,118EXP2022CU0228,C20 MAHADEV PAN SHOP,Active,Daily,24-02-2017 12:29,
11878,C,16 - Convenience Ds CDM,Active,53,KALIGHAT 1 CG,31-12-2099,118EXP2022CU0229,C21 BASANTI SONKAR,Active,Daily,24-02-2017 12:29,
11878,C,16 - Convenience Ds CDM,Active,53,KALIGHAT 1 CG,31-12-2099,118EXP2022CU0230,C22 RAJU KUNDU,Active,Daily,24-02-2017 12:29,
11878,C,16 - Convenience Ds CDM,Active,53,KALIGHAT 1 CG,31-12-2099,118EXP2022CU0231,C23 SARMISTHA SINGH,Active,Daily,24-02-2017 12:29,
11878,C,16 - Convenience Ds CDM,Active,53,KALIGHAT 1 CG,31-12-2099,118EXP2022CU0232,C24 MONI STORES,Active,Daily,24-02-2017 12:29,
11878,C,16 - Convenience Ds CDM,Active,53,KALIGHAT 1 CG,31-12-2099,118EXP2022CU0233,C25 SRINATH SHAW,Active,Daily,24-02-2017 12:29,
11878,C,16 - Convenience Ds CDM,Active,53,KALIGHAT 1 CG,31-12-2099,118EXP2022CU0234,C26 RAJESH SHAW,Active,Daily,24-02-2017 12:29,
11878,C,16 - Convenience Ds CDM,Active,53,KALIGHAT 1 CG,31-12-2099,118EXP2020CU0241,C3 GOBINDO STORES,Active,Daily,24-02-2017 12:29,
11878,C,16 - Convenience Ds CDM,Active,53,KALIGHAT 1 CG,31-12-2099,118EXP2020CU0242,C4 DIGEN SHAW,Active,Daily,24-02-2017 12:29,
11878,C,16 - Convenience Ds CDM,Active,53,KALIGHAT 1 CG,31-12-2099,118EXP2020CU0243,C5 MAA MANASHA PAN,Active,Daily,24-02-2017 12:29,
11878,C,16 - Convenience Ds CDM,Active,53,KALIGHAT 1 CG,31-12-2099,118EXP2020CU0445,C6 MANTU PAN,Active,Daily,24-02-2017 12:29,
11878,C,16 - Convenience Ds CDM,Active,53,KALIGHAT 1 CG,31-12-2099,118EXP2020CU0446,C7 LOKENATH STORE,Active,Daily,24-02-2017 12:29,
11878,C,16 - Convenience Ds CDM,Active,53,KALIGHAT 1 CG,31-12-2099,118EXP2020CU0447,C8 GOBINDA BHANDAR,Active,Daily,24-02-2017 12:29,
11878,C,16 - Convenience Ds CDM,Active,53,KALIGHAT 1 CG,31-12-2099,118EXP2020CU0448,C9 DIGEN SHAW,Active,Daily,24-02-2017 12:29,
11879,D,16 - Convenience Ds CDM,Active,56,KALIGHAT 4 CG,31-12-2099,118EXP2020CU0244,D1 A ROY,Active,Daily,24-02-2017 12:30,
11879,D,16 - Convenience Ds CDM,Active,56,KALIGHAT 4 CG,31-12-2099,118EXP2020CU0413,D10 BENARASHI PAN,Active,Daily,24-02-2017 12:30,
11879,D,16 - Convenience Ds CDM,Active,56,KALIGHAT 4 CG,31-12-2099,118EXP2022CU0023,D11 J ANSARI,Active,Daily,24-02-2017 12:30,
11879,D,16 - Convenience Ds CDM,Active,56,KALIGHAT 4 CG,31-12-2099,118EXP2022CU0024,D12 JAG NATH STORES,Active,Daily,24-02-2017 12:30,
11879,D,16 - Convenience Ds CDM,Active,56,KALIGHAT 4 CG,31-12-2099,118EXP2022CU0025,D13 SAGAR STORES,Active,Daily,24-02-2017 12:30,
11879,D,16 - Convenience Ds CDM,Active,56,KALIGHAT 4 CG,31-12-2099,118EXP2022CU0026,D14 L M SHAW,Active,Daily,24-02-2017 12:30,
11879,D,16 - Convenience Ds CDM,Active,56,KALIGHAT 4 CG,31-12-2099,118EXP2022CU0102,D15 PABITRA STORES,Active,Daily,24-02-2017 12:30,
11879,D,16 - Convenience Ds CDM,Active,56,KALIGHAT 4 CG,31-12-2099,118EXP2022CU0103,D16 S N STORES,Active,Daily,24-02-2017 12:30,
11879,D,16 - Convenience Ds CDM,Active,56,KALIGHAT 4 CG,31-12-2099,118EXP2022CU0104,D17 SHAW PAN SHOP,Active,Daily,24-02-2017 12:30,
11879,D,16 - Convenience Ds CDM,Active,56,KALIGHAT 4 CG,31-12-2099,118EXP2022CU0105,D18 UNIQUE PAN STORE,Active,Daily,24-02-2017 12:30,
11879,D,16 - Convenience Ds CDM,Active,56,KALIGHAT 4 CG,31-12-2099,118EXP2022CU0235,D19 HANDICAP,Active,Daily,24-02-2017 12:30,
11879,D,16 - Convenience Ds CDM,Active,56,KALIGHAT 4 CG,31-12-2099,118EXP2020CU0245,D2 BIRENDAR SHAW,Active,Daily,24-02-2017 12:30,
11879,D,16 - Convenience Ds CDM,Active,56,KALIGHAT 4 CG,31-12-2099,118EXP2022CU0236,D20 RAM PRASAD,Active,Daily,24-02-2017 12:30,
11879,D,16 - Convenience Ds CDM,Active,56,KALIGHAT 4 CG,31-12-2099,118EXP2022CU0237,D21 JAMUNA STORES,Active,Daily,24-02-2017 12:30,
11879,D,16 - Convenience Ds CDM,Active,56,KALIGHAT 4 CG,31-12-2099,118EXP2022CU0238,D22 PAN PALACE,Active,Daily,24-02-2017 12:30,
11879,D,16 - Convenience Ds CDM,Active,56,KALIGHAT 4 CG,31-12-2099,118EXP2022CU0239,D23 RANJAN PAN SHOP,Active,Daily,24-02-2017 12:30,
11879,D,16 - Convenience Ds CDM,Active,56,KALIGHAT 4 CG,31-12-2099,118EXP2022CU0240,D24 S S SAHOO,Active,Daily,24-02-2017 12:30,
11879,D,16 - Convenience Ds CDM,Active,56,KALIGHAT 4 CG,31-12-2099,118EXP2022CU0241,D25 MANJUSHA,Active,Daily,24-02-2017 12:30,
11879,D,16 - Convenience Ds CDM,Active,56,KALIGHAT 4 CG,31-12-2099,118EXP2022CU0242,D26 M ALAM,Active,Daily,24-02-2017 12:30,
11879,D,16 - Convenience Ds CDM,Active,56,KALIGHAT 4 CG,31-12-2099,118EXP2022CU0243,D27 ASHIRVAAD,Active,Daily,24-02-2017 12:30,
11879,D,16 - Convenience Ds CDM,Active,56,KALIGHAT 4 CG,31-12-2099,118EXP2022CU0244,D28 M L SHAW,Active,Daily,24-02-2017 12:30,
11879,D,16 - Convenience Ds CDM,Active,56,KALIGHAT 4 CG,31-12-2099,118EXP2022CU0245,D29 BAIKUNTH SHAW,Active,Daily,24-02-2017 12:30,
11879,D,16 - Convenience Ds CDM,Active,56,KALIGHAT 4 CG,31-12-2099,118EXP2020CU0246,D3 JITENDAR SHAW,Active,Daily,24-02-2017 12:30,
11879,D,16 - Convenience Ds CDM,Active,56,KALIGHAT 4 CG,31-12-2099,118EXP2020CU0247,D4 MEGHNATH SHAW,Active,Daily,24-02-2017 12:30,
11879,D,16 - Convenience Ds CDM,Active,56,KALIGHAT 4 CG,31-12-2099,118EXP2020CU0408,D5 JAGANNAT PAN,Active,Daily,24-02-2017 12:30,
11879,D,16 - Convenience Ds CDM,Active,56,KALIGHAT 4 CG,31-12-2099,118EXP2020CU0409,D6 P SENAPATI,Active,Daily,24-02-2017 12:30,
11879,D,16 - Convenience Ds CDM,Active,56,KALIGHAT 4 CG,31-12-2099,118EXP2020CU0410,D7 NAGINA PAN,Active,Daily,24-02-2017 12:30,
11879,D,16 - Convenience Ds CDM,Active,56,KALIGHAT 4 CG,31-12-2099,118EXP2020CU0411,D8 RAMESH PAN,Active,Daily,24-02-2017 12:30,
11879,D,16 - Convenience Ds CDM,Active,56,KALIGHAT 4 CG,31-12-2099,118EXP2020CU0412,D9 SHYAM SUNDAR PAN,Active,Daily,24-02-2017 12:30,
11879,D,16 - Convenience Ds CDM,Active,56,KALIGHAT 4 CG,31-12-2099,118CU0383,MAHALAXMI STORES     KANSARIPARA,Inactive,Daily,24-02-2017 12:30,
11880,E  BAJRANGI SHAW,16 - Convenience Ds CDM,Active,CY0000000313,T C ROAD 2 CG1,31-12-2999,118EXP2020CU0248,E1 HELLO POINT,Active,Daily,13-09-2024 13:16,
11880,E  BAJRANGI SHAW,16 - Convenience Ds CDM,Active,CY0000000313,T C ROAD 2 CG1,31-12-2999,118DMS092500200,E10 Jiya Communication ,Active,Daily,13-09-2024 13:16,
11880,E  BAJRANGI SHAW,16 - Convenience Ds CDM,Active,CY0000000313,T C ROAD 2 CG1,31-12-2999,118EXP2020CU0249,E2 ANJALI STORES,Active,Daily,13-09-2024 13:16,
11880,E  BAJRANGI SHAW,16 - Convenience Ds CDM,Active,CY0000000313,T C ROAD 2 CG1,31-12-2999,118EXP2020CU0250,E3 TARAK STORES,Active,Daily,13-09-2024 13:16,
11880,E  BAJRANGI SHAW,16 - Convenience Ds CDM,Active,CY0000000313,T C ROAD 2 CG1,31-12-2999,118EXP2020CU0386,E4 S P GUPTA,Active,Daily,13-09-2024 13:16,
11880,E  BAJRANGI SHAW,16 - Convenience Ds CDM,Active,CY0000000313,T C ROAD 2 CG1,31-12-2999,118EXP2020CU0387,E5 AMULYA GHOSH,Active,Daily,13-09-2024 13:16,
11880,E  BAJRANGI SHAW,16 - Convenience Ds CDM,Active,CY0000000313,T C ROAD 2 CG1,31-12-2999,118EXP2020CU0388,E6 TAPAN MANNA,Active,Daily,13-09-2024 13:16,
11880,E  BAJRANGI SHAW,16 - Convenience Ds CDM,Active,CY0000000313,T C ROAD 2 CG1,31-12-2999,118EXP2020CU0389,E7 BISHU DAS,Active,Daily,13-09-2024 13:16,
11880,E  BAJRANGI SHAW,16 - Convenience Ds CDM,Active,CY0000000313,T C ROAD 2 CG1,31-12-2999,118EXP2020CU0390,E8 PINKU DEY,Active,Daily,13-09-2024 13:16,
11880,E  BAJRANGI SHAW,16 - Convenience Ds CDM,Active,CY0000000313,T C ROAD 2 CG1,31-12-2999,118EXP2020CU0391,E9 SUBHO GHOSH,Active,Daily,13-09-2024 13:16,
11881,F,16 - Convenience Ds CDM,Active,61,SARAT BOSE ROAD CG,31-12-2099,118EXP2020CU0251,F1 LAXMI PAN,Active,Daily,24-02-2017 12:33,
11881,F,16 - Convenience Ds CDM,Active,61,SARAT BOSE ROAD CG,31-12-2099,118EXP2020CU0360,F10 B GUPTA,Active,Daily,24-02-2017 12:33,
11881,F,16 - Convenience Ds CDM,Active,61,SARAT BOSE ROAD CG,31-12-2099,118EXP2020CU0361,F11 L P GUPTA,Active,Daily,24-02-2017 12:33,
11881,F,16 - Convenience Ds CDM,Active,61,SARAT BOSE ROAD CG,31-12-2099,118EXP2020CU0362,F12 S P GUPTA,Active,Daily,24-02-2017 12:33,
11881,F,16 - Convenience Ds CDM,Active,61,SARAT BOSE ROAD CG,31-12-2099,118EXP2021CU0120,F13 BISHU DAS,Active,Daily,24-02-2017 12:33,
11881,F,16 - Convenience Ds CDM,Active,61,SARAT BOSE ROAD CG,31-12-2099,118EXP2021CU0121,F14 RUPESH SHAW,Active,Daily,24-02-2017 12:33,
11881,F,16 - Convenience Ds CDM,Active,61,SARAT BOSE ROAD CG,31-12-2099,118EXP2021CU0122,F15 JITENDER GUPTA,Active,Daily,24-02-2017 12:33,
11881,F,16 - Convenience Ds CDM,Active,61,SARAT BOSE ROAD CG,31-12-2099,118EXP2021CU0123,F16 SACHIN SARDAR,Active,Daily,24-02-2017 12:33,
11881,F,16 - Convenience Ds CDM,Active,61,SARAT BOSE ROAD CG,31-12-2099,118EXP2021CU0124,F17 PANDU BISWAS,Active,Daily,24-02-2017 12:33,
11881,F,16 - Convenience Ds CDM,Active,61,SARAT BOSE ROAD CG,31-12-2099,118EXP2021CU0125,F18 R K JANA,Active,Daily,24-02-2017 12:33,
11881,F,16 - Convenience Ds CDM,Active,61,SARAT BOSE ROAD CG,31-12-2099,118EXP2022CU0106,F19 NEW LUCKY,Active,Daily,24-02-2017 12:33,
11881,F,16 - Convenience Ds CDM,Active,61,SARAT BOSE ROAD CG,31-12-2099,118EXP2020CU0252,F2 KASHMIR STORES,Active,Daily,24-02-2017 12:33,
11881,F,16 - Convenience Ds CDM,Active,61,SARAT BOSE ROAD CG,31-12-2099,118EXP2022CU0107,F20 NEW KASHI,Active,Daily,24-02-2017 12:33,
11881,F,16 - Convenience Ds CDM,Active,61,SARAT BOSE ROAD CG,31-12-2099,118EXP2022CU0108,F21 RAGHU PAN SHOP,Active,Daily,24-02-2017 12:33,
11881,F,16 - Convenience Ds CDM,Active,61,SARAT BOSE ROAD CG,31-12-2099,118EXP2022CU0109,F22 BAHAR PAN,Active,Daily,24-02-2017 12:33,
11881,F,16 - Convenience Ds CDM,Active,61,SARAT BOSE ROAD CG,31-12-2099,118EXP2022CU0110,F23 NOBEL DAS,Active,Daily,24-02-2017 12:33,
11881,F,16 - Convenience Ds CDM,Active,61,SARAT BOSE ROAD CG,31-12-2099,118EXP2020CU0253,F3 H C PANDA,Active,Daily,24-02-2017 12:33,
11881,F,16 - Convenience Ds CDM,Active,61,SARAT BOSE ROAD CG,31-12-2099,118EXP2020CU0254,F4 SRIKANT SINGH,Active,Daily,24-02-2017 12:33,
11881,F,16 - Convenience Ds CDM,Active,61,SARAT BOSE ROAD CG,31-12-2099,118EXP2020CU0255,F5 DILIP PAN,Active,Daily,24-02-2017 12:33,
11881,F,16 - Convenience Ds CDM,Active,61,SARAT BOSE ROAD CG,31-12-2099,118EXP2020CU0256,F6 DURGA STORES,Active,Daily,24-02-2017 12:33,
11881,F,16 - Convenience Ds CDM,Active,61,SARAT BOSE ROAD CG,31-12-2099,118EXP2020CU0357,F7 PANDU BISWAS,Active,Daily,24-02-2017 12:33,
11881,F,16 - Convenience Ds CDM,Active,61,SARAT BOSE ROAD CG,31-12-2099,118EXP2020CU0358,F8 MAA DURGA STORES,Active,Daily,24-02-2017 12:33,
11881,F,16 - Convenience Ds CDM,Active,61,SARAT BOSE ROAD CG,31-12-2099,118EXP2020CU0359,F9 MISHRA CABIN,Active,Daily,24-02-2017 12:33,
11882,G,16 - Convenience Ds CDM,Active,78,D P S CG,31-12-2099,118EXP2020CU0257,G1 MANIK PAN,Active,Daily,10-05-2017 16:02,
11882,G,16 - Convenience Ds CDM,Active,78,D P S CG,31-12-2099,118EXP2022CU0090,G10 TARAK PAN,Active,Daily,10-05-2017 16:02,
11882,G,16 - Convenience Ds CDM,Active,78,D P S CG,31-12-2099,118EXP2022CU0091,G11 GUPTA PAN,Active,Daily,10-05-2017 16:02,
11882,G,16 - Convenience Ds CDM,Active,78,D P S CG,31-12-2099,118EXP2022CU0246,G12 BAPI TEA,Active,Daily,10-05-2017 16:02,
11882,G,16 - Convenience Ds CDM,Active,78,D P S CG,31-12-2099,118EXP2022CU0247,G13 ALO TEA,Active,Daily,10-05-2017 16:02,
11882,G,16 - Convenience Ds CDM,Active,78,D P S CG,31-12-2099,118EXP2022CU0248,G14 SWAPAN STORE,Active,Daily,10-05-2017 16:02,
11882,G,16 - Convenience Ds CDM,Active,78,D P S CG,31-12-2099,118EXP2022CU0249,G15 BENARASHI PAN,Active,Daily,10-05-2017 16:02,
11882,G,16 - Convenience Ds CDM,Active,78,D P S CG,31-12-2099,118EXP2022CU0250,G16 JOYTI TEA STALL,Active,Daily,10-05-2017 16:02,
11882,G,16 - Convenience Ds CDM,Active,78,D P S CG,31-12-2099,118EXP2022CU0251,G17 PANCHU PAN,Active,Daily,10-05-2017 16:02,
11882,G,16 - Convenience Ds CDM,Active,78,D P S CG,31-12-2099,118EXP2022CU0252,G18 MD IDRRES,Active,Daily,10-05-2017 16:02,
11882,G,16 - Convenience Ds CDM,Active,78,D P S CG,31-12-2099,118EXP2022CU0253,G19 SUBHASH PAN,Active,Daily,10-05-2017 16:02,
11882,G,16 - Convenience Ds CDM,Active,78,D P S CG,31-12-2099,118DMS042600312,G-1A MANIK PAN,Active,Daily,10-05-2017 16:02,
11882,G,16 - Convenience Ds CDM,Active,78,D P S CG,31-12-2099,118EXP2020CU0258,G2 BACHU PAN,Active,Daily,10-05-2017 16:02,
11882,G,16 - Convenience Ds CDM,Active,78,D P S CG,31-12-2099,118EXP2022CU0254,G20 MUNNA PAN,Active,Daily,10-05-2017 16:02,
11882,G,16 - Convenience Ds CDM,Active,78,D P S CG,31-12-2099,118EXP2022CU0255,G21 BHAGAT PAN,Active,Daily,10-05-2017 16:02,
11882,G,16 - Convenience Ds CDM,Active,78,D P S CG,31-12-2099,118DMS042600313,G-2A BACHU PAN,Active,Daily,10-05-2017 16:02,
11882,G,16 - Convenience Ds CDM,Active,78,D P S CG,31-12-2099,118EXP2020CU0259,G3 BONAMALI PAN,Active,Daily,10-05-2017 16:02,
11882,G,16 - Convenience Ds CDM,Active,78,D P S CG,31-12-2099,118DMS042600314,G-3A BONAMALI PAN,Active,Daily,10-05-2017 16:02,
11882,G,16 - Convenience Ds CDM,Active,78,D P S CG,31-12-2099,118EXP2020CU0398,G4 BANTI BIBI,Active,Daily,10-05-2017 16:02,
11882,G,16 - Convenience Ds CDM,Active,78,D P S CG,31-12-2099,118DMS042600315,G-4A BANTI BIDI,Active,Daily,10-05-2017 16:02,
11882,G,16 - Convenience Ds CDM,Active,78,D P S CG,31-12-2099,118EXP2020CU0399,G5 T K SENAPATI,Active,Daily,10-05-2017 16:02,
11882,G,16 - Convenience Ds CDM,Active,78,D P S CG,31-12-2099,118DMS042600316,G-5A T K SENAPATI,Active,Daily,10-05-2017 16:02,
11882,G,16 - Convenience Ds CDM,Active,78,D P S CG,31-12-2099,118EXP2020CU0401,G6 N C HALDER,Active,Daily,10-05-2017 16:02,
11882,G,16 - Convenience Ds CDM,Active,78,D P S CG,31-12-2099,118EXP2020CU0402,G7 N C ROY,Active,Daily,10-05-2017 16:02,
11882,G,16 - Convenience Ds CDM,Active,78,D P S CG,31-12-2099,118EXP2020CU0400,G8 MERA RANI SARKAR,Active,Daily,10-05-2017 16:02,
11882,G,16 - Convenience Ds CDM,Active,78,D P S CG,31-12-2099,118EXP2020CU0403,G9 KANAI LAL PURKAST,Active,Daily,10-05-2017 16:02,
11882,G,16 - Convenience Ds CDM,Active,78,D P S CG,31-12-2099,118EXP2018CU0015,ROUTE 19,Active,Daily,10-05-2017 16:02,
11883,H,16 - Convenience Ds CDM,Active,70,CHETLA HUT TO GOPALNAGAR CG,31-12-2099,118EXP2020CU0260,H1 JAHAR PAN,Active,Daily,10-05-2017 16:02,
11883,H,16 - Convenience Ds CDM,Active,70,CHETLA HUT TO GOPALNAGAR CG,31-12-2099,118EXP2022CU0113,H10 JOHAR BARUI,Active,Daily,10-05-2017 16:02,
11883,H,16 - Convenience Ds CDM,Active,70,CHETLA HUT TO GOPALNAGAR CG,31-12-2099,118EXP2022CU0114,H11 MD HALIM,Active,Daily,10-05-2017 16:02,
11883,H,16 - Convenience Ds CDM,Active,70,CHETLA HUT TO GOPALNAGAR CG,31-12-2099,118EXP2022CU0256,H12 D PAN,Active,Daily,10-05-2017 16:02,
11883,H,16 - Convenience Ds CDM,Active,70,CHETLA HUT TO GOPALNAGAR CG,31-12-2099,118EXP2022CU0257,H13 RAKESH PAN,Active,Daily,10-05-2017 16:02,
11883,H,16 - Convenience Ds CDM,Active,70,CHETLA HUT TO GOPALNAGAR CG,31-12-2099,118EXP2022CU0258,H14 SURESH SHAW,Active,Daily,10-05-2017 16:02,
11883,H,16 - Convenience Ds CDM,Active,70,CHETLA HUT TO GOPALNAGAR CG,31-12-2099,118EXP2022CU0259,H15 SK YASHIN,Active,Daily,10-05-2017 16:02,
11883,H,16 - Convenience Ds CDM,Active,70,CHETLA HUT TO GOPALNAGAR CG,31-12-2099,118EXP2022CU0260,H16 ANJUM PAN SHOP,Active,Daily,10-05-2017 16:02,
11883,H,16 - Convenience Ds CDM,Active,70,CHETLA HUT TO GOPALNAGAR CG,31-12-2099,118EXP2022CU0261,H17 SUKUMAR BIDI,Active,Daily,10-05-2017 16:02,
11883,H,16 - Convenience Ds CDM,Active,70,CHETLA HUT TO GOPALNAGAR CG,31-12-2099,118EXP2022CU0262,H18 RAJENDRA STORES,Active,Daily,10-05-2017 16:02,
11883,H,16 - Convenience Ds CDM,Active,70,CHETLA HUT TO GOPALNAGAR CG,31-12-2099,118EXP2022CU0263,H19 RAJESH SHAW,Active,Daily,10-05-2017 16:02,
11883,H,16 - Convenience Ds CDM,Active,70,CHETLA HUT TO GOPALNAGAR CG,31-12-2099,118EXP2020CU0261,H2 S K SALAUDDIN,Active,Daily,10-05-2017 16:02,
11883,H,16 - Convenience Ds CDM,Active,70,CHETLA HUT TO GOPALNAGAR CG,31-12-2099,118EXP2022CU0264,H20 CHOURASIA PAN BHANDAR,Active,Daily,10-05-2017 16:02,
11883,H,16 - Convenience Ds CDM,Active,70,CHETLA HUT TO GOPALNAGAR CG,31-12-2099,118EXP2022CU0265,H21 SRI BISHANU,Active,Daily,10-05-2017 16:02,
11883,H,16 - Convenience Ds CDM,Active,70,CHETLA HUT TO GOPALNAGAR CG,31-12-2099,118EXP2020CU0262,H3 SURENDAR SHOW,Active,Daily,10-05-2017 16:02,
11883,H,16 - Convenience Ds CDM,Active,70,CHETLA HUT TO GOPALNAGAR CG,31-12-2099,118EXP2020CU0422,H4 MOLOY DAS,Active,Daily,10-05-2017 16:02,
11883,H,16 - Convenience Ds CDM,Active,70,CHETLA HUT TO GOPALNAGAR CG,31-12-2099,118EXP2020CU0423,H5 JAHAR BARUI,Active,Daily,10-05-2017 16:02,
11883,H,16 - Convenience Ds CDM,Active,70,CHETLA HUT TO GOPALNAGAR CG,31-12-2099,118EXP2020CU0424,H6 SURENDAR BARICK,Active,Daily,10-05-2017 16:02,
11883,H,16 - Convenience Ds CDM,Active,70,CHETLA HUT TO GOPALNAGAR CG,31-12-2099,118EXP2020CU0425,H7 GANAPATI PARAI,Active,Daily,10-05-2017 16:02,
11883,H,16 - Convenience Ds CDM,Active,70,CHETLA HUT TO GOPALNAGAR CG,31-12-2099,118EXP2022CU0111,H8 SINGH STORES,Active,Daily,10-05-2017 16:02,
11883,H,16 - Convenience Ds CDM,Active,70,CHETLA HUT TO GOPALNAGAR CG,31-12-2099,118EXP2022CU0112,H9 BIDYADHAR MAHATO,Active,Daily,10-05-2017 16:02,
11883,H,16 - Convenience Ds CDM,Active,70,CHETLA HUT TO GOPALNAGAR CG,31-12-2099,118EXP2018CU0013,ROUTE 22,Active,Daily,10-05-2017 16:02,
11884,I,16 - Convenience Ds CDM,Active,65,KALIGHAT 5 CG,31-12-2099,118EXP2020CU0263,I1 BHASKAR BHUTIYA,Active,Daily,24-02-2017 12:38,
11884,I,16 - Convenience Ds CDM,Active,65,KALIGHAT 5 CG,31-12-2099,118EXP2020CU0463,I10 DUTTA VARIETY,Active,Daily,24-02-2017 12:38,
11884,I,16 - Convenience Ds CDM,Active,65,KALIGHAT 5 CG,31-12-2099,118EXP2022CU0027,I11 LAKSHMAN SHAW,Active,Daily,24-02-2017 12:38,
11884,I,16 - Convenience Ds CDM,Active,65,KALIGHAT 5 CG,31-12-2099,118EXP2022CU0028,I12 LOKENATH BABA STORES,Active,Daily,24-02-2017 12:38,
11884,I,16 - Convenience Ds CDM,Active,65,KALIGHAT 5 CG,31-12-2099,118EXP2022CU0029,I13 B STORES,Active,Daily,24-02-2017 12:38,
11884,I,16 - Convenience Ds CDM,Active,65,KALIGHAT 5 CG,31-12-2099,118EXP2022CU0030,I14 SAHA STORES,Active,Daily,24-02-2017 12:38,
11884,I,16 - Convenience Ds CDM,Active,65,KALIGHAT 5 CG,31-12-2099,118EXP2022CU0031,I15 MOTILAL SHAW,Active,Daily,24-02-2017 12:38,
11884,I,16 - Convenience Ds CDM,Active,65,KALIGHAT 5 CG,31-12-2099,118EXP2022CU0266,I16 R P SHAW,Active,Daily,24-02-2017 12:38,
11884,I,16 - Convenience Ds CDM,Active,65,KALIGHAT 5 CG,31-12-2099,118EXP2022CU0267,I17 B MAHATO,Active,Daily,24-02-2017 12:38,
11884,I,16 - Convenience Ds CDM,Active,65,KALIGHAT 5 CG,31-12-2099,118EXP2022CU0268,I18 DUTTA STORES,Active,Daily,24-02-2017 12:38,
11884,I,16 - Convenience Ds CDM,Active,65,KALIGHAT 5 CG,31-12-2099,118EXP2022CU0269,I19 JITENDAR SHAW,Active,Daily,24-02-2017 12:38,
11884,I,16 - Convenience Ds CDM,Active,65,KALIGHAT 5 CG,31-12-2099,118EXP2020CU0264,I2 B PAN,Active,Daily,24-02-2017 12:38,
11884,I,16 - Convenience Ds CDM,Active,65,KALIGHAT 5 CG,31-12-2099,118EXP2022CU0270,I20 T K DAS,Active,Daily,24-02-2017 12:38,
11884,I,16 - Convenience Ds CDM,Active,65,KALIGHAT 5 CG,31-12-2099,118EXP2022CU0271,I21 SOURADIP SADDAR,Active,Daily,24-02-2017 12:38,
11884,I,16 - Convenience Ds CDM,Active,65,KALIGHAT 5 CG,31-12-2099,118EXP2022CU0272,I22 DILIP KUNDU,Active,Daily,24-02-2017 12:38,
11884,I,16 - Convenience Ds CDM,Active,65,KALIGHAT 5 CG,31-12-2099,118EXP2022CU0273,I23 AVISHAK STORES,Active,Daily,24-02-2017 12:38,
11884,I,16 - Convenience Ds CDM,Active,65,KALIGHAT 5 CG,31-12-2099,118EXP2022CU0274,I24 SREEMA STOTES,Active,Daily,24-02-2017 12:38,
11884,I,16 - Convenience Ds CDM,Active,65,KALIGHAT 5 CG,31-12-2099,118EXP2022CU0275,I25 SANJU MAITY,Active,Daily,24-02-2017 12:38,
11884,I,16 - Convenience Ds CDM,Active,65,KALIGHAT 5 CG,31-12-2099,118EXP2023CU0037,I26 ABHISHAK STORES,Active,Daily,24-02-2017 12:38,
11884,I,16 - Convenience Ds CDM,Active,65,KALIGHAT 5 CG,31-12-2099,118EXP2023CU0038,I27 SAHADEV,Active,Daily,24-02-2017 12:38,
11884,I,16 - Convenience Ds CDM,Active,65,KALIGHAT 5 CG,31-12-2099,118EXP2023CU0039,I28 SABITA STORE,Active,Daily,24-02-2017 12:38,
11884,I,16 - Convenience Ds CDM,Active,65,KALIGHAT 5 CG,31-12-2099,118EXP2023CU0040,I29 CITY VARIETY,Active,Daily,24-02-2017 12:38,
11884,I,16 - Convenience Ds CDM,Active,65,KALIGHAT 5 CG,31-12-2099,118EXP2020CU0265,I3 AVISHEK STORES,Active,Daily,24-02-2017 12:38,
11884,I,16 - Convenience Ds CDM,Active,65,KALIGHAT 5 CG,31-12-2099,118EXP2023CU0041,I30 SANJOY STORES,Active,Daily,24-02-2017 12:38,
11884,I,16 - Convenience Ds CDM,Active,65,KALIGHAT 5 CG,31-12-2099,118EXP2023CU0042,I31 DEBOBRATO BHATTACHARJEE,Active,Daily,24-02-2017 12:38,
11884,I,16 - Convenience Ds CDM,Active,65,KALIGHAT 5 CG,31-12-2099,118EXP2023CU0043,I32 DILIP SAHA,Active,Daily,24-02-2017 12:38,
11884,I,16 - Convenience Ds CDM,Active,65,KALIGHAT 5 CG,31-12-2099,118EXP2023CU0044,I33 SENAPATI PAN,Active,Daily,24-02-2017 12:38,
11884,I,16 - Convenience Ds CDM,Active,65,KALIGHAT 5 CG,31-12-2099,118EXP2020CU0266,I4 P MISHRA,Active,Daily,24-02-2017 12:38,
11884,I,16 - Convenience Ds CDM,Active,65,KALIGHAT 5 CG,31-12-2099,118EXP2020CU0456,I5 B L PAN SHOP,Active,Daily,24-02-2017 12:38,
11884,I,16 - Convenience Ds CDM,Active,65,KALIGHAT 5 CG,31-12-2099,118EXP2020CU0457,I6 N C ROY,Active,Daily,24-02-2017 12:38,
11884,I,16 - Convenience Ds CDM,Active,65,KALIGHAT 5 CG,31-12-2099,118EXP2020CU0458,I7 GHOSH PAN SHOP,Active,Daily,24-02-2017 12:38,
11884,I,16 - Convenience Ds CDM,Active,65,KALIGHAT 5 CG,31-12-2099,118EXP2020CU0459,I8 LOKENATH STORES,Active,Daily,24-02-2017 12:38,
11884,I,16 - Convenience Ds CDM,Active,65,KALIGHAT 5 CG,31-12-2099,118EXP2020CU0462,I9 SAMANTA PAN STORE,Active,Daily,24-02-2017 12:38,
11884,I,16 - Convenience Ds CDM,Active,65,KALIGHAT 5 CG,31-12-2099,118EXP2017CU1254,ROUTE 4,Active,Daily,24-02-2017 12:38,
11885,J,16 - Convenience Ds CDM,Active,76,ROY BHADUR ROAD CG,31-12-2099,118EXP2020CU0267,J1 TARA MA STORES,Active,Daily,10-05-2017 16:02,
11885,J,16 - Convenience Ds CDM,Active,76,ROY BHADUR ROAD CG,31-12-2099,118EXP2022CU0033,J10 NEPAL MANNA,Active,Daily,10-05-2017 16:02,
11885,J,16 - Convenience Ds CDM,Active,76,ROY BHADUR ROAD CG,31-12-2099,118EXP2022CU0034,J11 RAJESH PAN,Active,Daily,10-05-2017 16:02,
11885,J,16 - Convenience Ds CDM,Active,76,ROY BHADUR ROAD CG,31-12-2099,118EXP2022CU0035,J12 NASKAR HOTEL,Active,Daily,10-05-2017 16:02,
11885,J,16 - Convenience Ds CDM,Active,76,ROY BHADUR ROAD CG,31-12-2099,118EXP2022CU0036,J13 BUDHI PAN,Active,Daily,10-05-2017 16:02,
11885,J,16 - Convenience Ds CDM,Active,76,ROY BHADUR ROAD CG,31-12-2099,118EXP2022CU0037,J14 ALOKE SAMANTA,Active,Daily,10-05-2017 16:02,
11885,J,16 - Convenience Ds CDM,Active,76,ROY BHADUR ROAD CG,31-12-2099,118EXP2022CU0038,J15 TAKHAN BIRI,Active,Daily,10-05-2017 16:02,
11885,J,16 - Convenience Ds CDM,Active,76,ROY BHADUR ROAD CG,31-12-2099,118EXP2022CU0276,J16 CHAURASIA PAN SHOP,Active,Daily,10-05-2017 16:02,
11885,J,16 - Convenience Ds CDM,Active,76,ROY BHADUR ROAD CG,31-12-2099,118EXP2022CU0277,J17 SADHUKHAN STORES,Active,Daily,10-05-2017 16:02,
11885,J,16 - Convenience Ds CDM,Active,76,ROY BHADUR ROAD CG,31-12-2099,118EXP2022CU0278,J18 GOPAL HALDER,Active,Daily,10-05-2017 16:02,
11885,J,16 - Convenience Ds CDM,Active,76,ROY BHADUR ROAD CG,31-12-2099,118EXP2022CU0279,J19 HARADHAN DASHMUKH,Active,Daily,10-05-2017 16:02,
11885,J,16 - Convenience Ds CDM,Active,76,ROY BHADUR ROAD CG,31-12-2099,118EXP2020CU0268,J2 SHANTI STORES,Active,Daily,10-05-2017 16:02,
11885,J,16 - Convenience Ds CDM,Active,76,ROY BHADUR ROAD CG,31-12-2099,118EXP2022CU0280,J20 B P CHOURASIA,Active,Daily,10-05-2017 16:02,
11885,J,16 - Convenience Ds CDM,Active,76,ROY BHADUR ROAD CG,31-12-2099,118EXP2022CU0281,J21 ANNAPURNA PURNA COFFEE CENTRE,Active,Daily,10-05-2017 16:02,
11885,J,16 - Convenience Ds CDM,Active,76,ROY BHADUR ROAD CG,31-12-2099,118EXP2022CU0282,J22 UDAY SANKAR DEY,Active,Daily,10-05-2017 16:02,
11885,J,16 - Convenience Ds CDM,Active,76,ROY BHADUR ROAD CG,31-12-2099,118EXP2022CU0283,J23 SUBRATA STORES,Active,Daily,10-05-2017 16:02,
11885,J,16 - Convenience Ds CDM,Active,76,ROY BHADUR ROAD CG,31-12-2099,118EXP2022CU0284,J24 UDAY KIRTAN,Active,Daily,10-05-2017 16:02,
11885,J,16 - Convenience Ds CDM,Active,76,ROY BHADUR ROAD CG,31-12-2099,118EXP2022CU0285,J25 MILLENNIUM PAPER HOUSE,Active,Daily,10-05-2017 16:02,
11885,J,16 - Convenience Ds CDM,Active,76,ROY BHADUR ROAD CG,31-12-2099,118EXP2020CU0269,J3 B K MANNA,Active,Daily,10-05-2017 16:02,
11885,J,16 - Convenience Ds CDM,Active,76,ROY BHADUR ROAD CG,31-12-2099,118EXP2020CU0270,J4 BISHAL PAN,Active,Daily,10-05-2017 16:02,
11885,J,16 - Convenience Ds CDM,Active,76,ROY BHADUR ROAD CG,31-12-2099,118EXP2020CU0418,J5 BISWANATH KIRTAN,Active,Daily,10-05-2017 16:02,
11885,J,16 - Convenience Ds CDM,Active,76,ROY BHADUR ROAD CG,31-12-2099,118EXP2020CU0419,J6 ALOKE DAS,Active,Daily,10-05-2017 16:02,
11885,J,16 - Convenience Ds CDM,Active,76,ROY BHADUR ROAD CG,31-12-2099,118EXP2020CU0420,J7 SHANTI PAUL,Active,Daily,10-05-2017 16:02,
11885,J,16 - Convenience Ds CDM,Active,76,ROY BHADUR ROAD CG,31-12-2099,118EXP2020CU0421,J8 GOPAL MANNA,Active,Daily,10-05-2017 16:02,
11885,J,16 - Convenience Ds CDM,Active,76,ROY BHADUR ROAD CG,31-12-2099,118EXP2022CU0032,J9 GAUTAM BIRI,Active,Daily,10-05-2017 16:02,
11886,K,16 - Convenience Ds CDM,Active,52,BHAWANIPORE CG,31-12-2099,118EXP2020CU0271,K1 JITEN BHAGAT,Active,Daily,24-02-2017 12:29,
11886,K,16 - Convenience Ds CDM,Active,52,BHAWANIPORE CG,31-12-2099,118EXP2020CU0379,K10 RAMASISH SHAW,Active,Daily,24-02-2017 12:29,
11886,K,16 - Convenience Ds CDM,Active,52,BHAWANIPORE CG,31-12-2099,118EXP2022CU0080,K11 H SHAW,Active,Daily,24-02-2017 12:29,
11886,K,16 - Convenience Ds CDM,Active,52,BHAWANIPORE CG,31-12-2099,118EXP2022CU0081,K12 BALOK RAM GUPTA,Active,Daily,24-02-2017 12:29,
11886,K,16 - Convenience Ds CDM,Active,52,BHAWANIPORE CG,31-12-2099,118EXP20222CU0081,K13 UDAY SHAW,Active,Daily,24-02-2017 12:29,
11886,K,16 - Convenience Ds CDM,Active,52,BHAWANIPORE CG,31-12-2099,118EXP2022CU0082,K14 RAMESH SHAW,Active,Daily,24-02-2017 12:29,
11886,K,16 - Convenience Ds CDM,Active,52,BHAWANIPORE CG,31-12-2099,118EXP2022CU0083,K15 MAHESH SHAW,Active,Daily,24-02-2017 12:29,
11886,K,16 - Convenience Ds CDM,Active,52,BHAWANIPORE CG,31-12-2099,118EXP2022CU0084,K16 SONA TEA,Active,Daily,24-02-2017 12:29,
11886,K,16 - Convenience Ds CDM,Active,52,BHAWANIPORE CG,31-12-2099,118EXP2022CU0286,K17 RAJGRIHI SAH,Active,Daily,24-02-2017 12:29,
11886,K,16 - Convenience Ds CDM,Active,52,BHAWANIPORE CG,31-12-2099,118EXP2022CU0287,K18 MAA STORES,Active,Daily,24-02-2017 12:29,
11886,K,16 - Convenience Ds CDM,Active,52,BHAWANIPORE CG,31-12-2099,118EXP2022CU0288,K19 SHAW STORES,Active,Daily,24-02-2017 12:29,
11886,K,16 - Convenience Ds CDM,Active,52,BHAWANIPORE CG,31-12-2099,118EXP2020CU0272,K2 D PRASAD,Active,Daily,24-02-2017 12:29,
11886,K,16 - Convenience Ds CDM,Active,52,BHAWANIPORE CG,31-12-2099,118EXP2022CU0289,K20 BHAGABATI STORES,Active,Daily,24-02-2017 12:29,
11886,K,16 - Convenience Ds CDM,Active,52,BHAWANIPORE CG,31-12-2099,118EXP2022CU0290,K21 R N SATTY,Active,Daily,24-02-2017 12:29,
11886,K,16 - Convenience Ds CDM,Active,52,BHAWANIPORE CG,31-12-2099,118EXP2022CU0291,K22 DILIP SAHOO,Active,Daily,24-02-2017 12:29,
11886,K,16 - Convenience Ds CDM,Active,52,BHAWANIPORE CG,31-12-2099,118EXP2022CU0292,K23 D P NAYAK,Active,Daily,24-02-2017 12:29,
11886,K,16 - Convenience Ds CDM,Active,52,BHAWANIPORE CG,31-12-2099,118EXP2022CU0293,K24 RAMESH RAJJAK,Active,Daily,24-02-2017 12:29,
11886,K,16 - Convenience Ds CDM,Active,52,BHAWANIPORE CG,31-12-2099,118EXP2022CU0294,K25 BHARAT SHAW,Active,Daily,24-02-2017 12:29,
11886,K,16 - Convenience Ds CDM,Active,52,BHAWANIPORE CG,31-12-2099,118EXP2022CU0295,K26 SAHADEV SAHOO,Active,Daily,24-02-2017 12:29,
11886,K,16 - Convenience Ds CDM,Active,52,BHAWANIPORE CG,31-12-2099,118EXP2020CU0273,K3 BABU SHAW,Active,Daily,24-02-2017 12:29,
11886,K,16 - Convenience Ds CDM,Active,52,BHAWANIPORE CG,31-12-2099,118EXP2020CU0274,K4 ASHOK PRADHAN,Active,Daily,24-02-2017 12:29,
11886,K,16 - Convenience Ds CDM,Active,52,BHAWANIPORE CG,31-12-2099,118EXP2020CU0363,K5 ARUN SINGH,Active,Daily,24-02-2017 12:29,
11886,K,16 - Convenience Ds CDM,Active,52,BHAWANIPORE CG,31-12-2099,118EXP2020CU0375,K6 G C SHAW,Active,Daily,24-02-2017 12:29,
11886,K,16 - Convenience Ds CDM,Active,52,BHAWANIPORE CG,31-12-2099,118EXP2020CU0376,K7 BABU;S,Active,Daily,24-02-2017 12:29,
11886,K,16 - Convenience Ds CDM,Active,52,BHAWANIPORE CG,31-12-2099,118EXP2020CU0377,K8 CHOWRASIA TEA CORNER,Active,Daily,24-02-2017 12:29,
11886,K,16 - Convenience Ds CDM,Active,52,BHAWANIPORE CG,31-12-2099,118EXP2020CU0378,K9 M BERA,Active,Daily,24-02-2017 12:29,
11887,L,16 - Convenience Ds CDM,Active,63,LAKE MARKET CG,31-12-2099,118EXP2020CU0275,L1 TAPAS TEA,Active,Daily,14-06-2024 12:27,
11887,L,16 - Convenience Ds CDM,Active,63,LAKE MARKET CG,31-12-2099,118EXP2022CU0299,L10 BAPI STORES,Active,Daily,14-06-2024 12:27,
11887,L,16 - Convenience Ds CDM,Active,63,LAKE MARKET CG,31-12-2099,118EXP2022CU0300,L11 MANIK LAL SHAW,Active,Daily,14-06-2024 12:27,
11887,L,16 - Convenience Ds CDM,Active,63,LAKE MARKET CG,31-12-2099,118EXP2022CU0301,L12 BISWANATH BIDI,Active,Daily,14-06-2024 12:27,
11887,L,16 - Convenience Ds CDM,Active,63,LAKE MARKET CG,31-12-2099,118EXP2022CU0302,L13 BABU LAL PAN (SRIKANT),Active,Daily,14-06-2024 12:27,
11887,L,16 - Convenience Ds CDM,Active,63,LAKE MARKET CG,31-12-2099,118EXP2022CU0303,L14 DILIP TEA,Active,Daily,14-06-2024 12:27,
11887,L,16 - Convenience Ds CDM,Active,63,LAKE MARKET CG,31-12-2099,118EXP2022CU034,L15 S LILARAM,Active,Daily,14-06-2024 12:27,
11887,L,16 - Convenience Ds CDM,Active,63,LAKE MARKET CG,31-12-2099,118EXP2022CU0305,L16 BENARASHI DURGA PAN BHANDAR,Active,Daily,14-06-2024 12:27,
11887,L,16 - Convenience Ds CDM,Active,63,LAKE MARKET CG,31-12-2099,118EXP2022CU0306,L17 ALPANA,Active,Daily,14-06-2024 12:27,
11887,L,16 - Convenience Ds CDM,Active,63,LAKE MARKET CG,31-12-2099,118EXP2024CU0002,L18 MADAN LAL GUPTA,Active,Daily,14-06-2024 12:27,
11887,L,16 - Convenience Ds CDM,Active,63,LAKE MARKET CG,31-12-2099,118EXP2024CU0003,L19 MALATI,Active,Daily,14-06-2024 12:27,
11887,L,16 - Convenience Ds CDM,Active,63,LAKE MARKET CG,31-12-2099,118EXP2022CU0155,L2 NEW PAN SHOP,Active,Daily,14-06-2024 12:27,
11887,L,16 - Convenience Ds CDM,Active,63,LAKE MARKET CG,31-12-2099,118EXP2024CU0004,L20 DURGA CHOWRASIA,Active,Daily,14-06-2024 12:27,
11887,L,16 - Convenience Ds CDM,Active,63,LAKE MARKET CG,31-12-2099,118EXP2024CU0005,L21 UDAY CHOWRASIA,Active,Daily,14-06-2024 12:27,
11887,L,16 - Convenience Ds CDM,Active,63,LAKE MARKET CG,31-12-2099,118EXP2024CU0006,L22 RATAN STORE,Active,Daily,14-06-2024 12:27,
11887,L,16 - Convenience Ds CDM,Active,63,LAKE MARKET CG,31-12-2099,118EXP2024CU0007,L23 KASHMIR STORE,Active,Daily,14-06-2024 12:27,
11887,L,16 - Convenience Ds CDM,Active,63,LAKE MARKET CG,31-12-2099,118EXP2024CU0008,L24 DILIP PAN,Active,Daily,14-06-2024 12:27,
11887,L,16 - Convenience Ds CDM,Active,63,LAKE MARKET CG,31-12-2099,118EXP2024CU0009,L25 MENOKA PAN,Active,Daily,14-06-2024 12:27,
11887,L,16 - Convenience Ds CDM,Active,63,LAKE MARKET CG,31-12-2099,118EXP2024CU0010,L26 LAXMI STORE,Active,Daily,14-06-2024 12:27,
11887,L,16 - Convenience Ds CDM,Active,63,LAKE MARKET CG,31-12-2099,118EXP2024CU0011,L27 DURGA STORE,Active,Daily,14-06-2024 12:27,
11887,L,16 - Convenience Ds CDM,Active,63,LAKE MARKET CG,31-12-2099,118EXP2022CU0162,L3 DEBLAL,Active,Daily,14-06-2024 12:27,
11887,L,16 - Convenience Ds CDM,Active,63,LAKE MARKET CG,31-12-2099,118EXP2022CU0175,L4 RAJENDRA,Active,Daily,14-06-2024 12:27,
11887,L,16 - Convenience Ds CDM,Active,63,LAKE MARKET CG,31-12-2099,118EXP2022CU0176,L5 MD MUNCI,Active,Daily,14-06-2024 12:27,
11887,L,16 - Convenience Ds CDM,Active,63,LAKE MARKET CG,31-12-2099,118EXP2022CU0177,L6 RAM PARVESH,Active,Daily,14-06-2024 12:27,
11887,L,16 - Convenience Ds CDM,Active,63,LAKE MARKET CG,31-12-2099,118EXP2022CU0178,L7 BENANRASHI PAN,Active,Daily,14-06-2024 12:27,
11887,L,16 - Convenience Ds CDM,Active,63,LAKE MARKET CG,31-12-2099,118EXP2022CU0179,L8 S S SHAW,Active,Daily,14-06-2024 12:27,
11887,L,16 - Convenience Ds CDM,Active,63,LAKE MARKET CG,31-12-2099,118EXP2022CU0180,L9 MADAN PAN,Active,Daily,14-06-2024 12:27,
11888,M,16 - Convenience Ds CDM,Active,58,TOLLYGUNGE CG,31-12-2099,118EXP2020CU0276,M1 SWAPAN STORES,Active,Daily,24-02-2017 12:32,
11888,M,16 - Convenience Ds CDM,Active,58,TOLLYGUNGE CG,31-12-2099,118EXP2022CU0047,M10 UMARANI,Active,Daily,24-02-2017 12:32,
11888,M,16 - Convenience Ds CDM,Active,58,TOLLYGUNGE CG,31-12-2099,118EXP2022CU0048,M11 PASHUPATI PAN SHOP,Active,Daily,24-02-2017 12:32,
11888,M,16 - Convenience Ds CDM,Active,58,TOLLYGUNGE CG,31-12-2099,118EXP2022CU0049,M12 LAXMI PAN BHANDAR,Active,Daily,24-02-2017 12:32,
11888,M,16 - Convenience Ds CDM,Active,58,TOLLYGUNGE CG,31-12-2099,118EXP2022CU0050,M13 J RAY,Active,Daily,24-02-2017 12:32,
11888,M,16 - Convenience Ds CDM,Active,58,TOLLYGUNGE CG,31-12-2099,118EXP2022CU0307,M14 RAMESH,Active,Daily,24-02-2017 12:32,
11888,M,16 - Convenience Ds CDM,Active,58,TOLLYGUNGE CG,31-12-2099,118EXP2022CU0308,M15 CHANDRA KANTA BARIK,Active,Daily,24-02-2017 12:32,
11888,M,16 - Convenience Ds CDM,Active,58,TOLLYGUNGE CG,31-12-2099,118EXP2022CU0309,M16 CHOURASIA PAN SHOP,Active,Daily,24-02-2017 12:32,
11888,M,16 - Convenience Ds CDM,Active,58,TOLLYGUNGE CG,31-12-2099,118EXP2022CU0310,M17 GOPAL SHAW,Active,Daily,24-02-2017 12:32,
11888,M,16 - Convenience Ds CDM,Active,58,TOLLYGUNGE CG,31-12-2099,118EXP2022CU0311,M18 ARADHANA PAN BHANDAR,Active,Daily,24-02-2017 12:32,
11888,M,16 - Convenience Ds CDM,Active,58,TOLLYGUNGE CG,31-12-2099,118EXP2024CU0012,M19 KOLKATA GROCERY,Active,Daily,24-02-2017 12:32,
11888,M,16 - Convenience Ds CDM,Active,58,TOLLYGUNGE CG,31-12-2099,118EXP2020CU0277,M2 BAPI STORES,Active,Daily,24-02-2017 12:32,
11888,M,16 - Convenience Ds CDM,Active,58,TOLLYGUNGE CG,31-12-2099,118EXP2024CU0013,M20 M S PAN,Active,Daily,24-02-2017 12:32,
11888,M,16 - Convenience Ds CDM,Active,58,TOLLYGUNGE CG,31-12-2099,118EXP2024CU0014,M21 GUDDU,Active,Daily,24-02-2017 12:32,
11888,M,16 - Convenience Ds CDM,Active,58,TOLLYGUNGE CG,31-12-2099,118EXP2024CU0015,M23 RANJIT STORE,Active,Daily,24-02-2017 12:32,
11888,M,16 - Convenience Ds CDM,Active,58,TOLLYGUNGE CG,31-12-2099,118EXP2024CU0016,M24 SANTOSH SHAW,Active,Daily,24-02-2017 12:32,
11888,M,16 - Convenience Ds CDM,Active,58,TOLLYGUNGE CG,31-12-2099,118EXP2020CU0278,M3 NIRMAL MONDAL,Active,Daily,24-02-2017 12:32,
11888,M,16 - Convenience Ds CDM,Active,58,TOLLYGUNGE CG,31-12-2099,118EXP2020CU0279,M4 SAMAR TEA,Active,Daily,24-02-2017 12:32,
11888,M,16 - Convenience Ds CDM,Active,58,TOLLYGUNGE CG,31-12-2099,118EXP2020CU0449,M5 SWAPAN STORE,Active,Daily,24-02-2017 12:32,
11888,M,16 - Convenience Ds CDM,Active,58,TOLLYGUNGE CG,31-12-2099,118EXP2020CU0452,M6 SOVA RANI STORE,Active,Daily,24-02-2017 12:32,
11888,M,16 - Convenience Ds CDM,Active,58,TOLLYGUNGE CG,31-12-2099,118EXP2020CU0453,M7 ARBINDA TEA,Active,Daily,24-02-2017 12:32,
11888,M,16 - Convenience Ds CDM,Active,58,TOLLYGUNGE CG,31-12-2099,118EXP2020CU0454,M8 RABIN STORE,Active,Daily,24-02-2017 12:32,
11888,M,16 - Convenience Ds CDM,Active,58,TOLLYGUNGE CG,31-12-2099,118EXP2020CU0455,M9 TINKU STORES,Active,Daily,24-02-2017 12:32,
11852,MALA MAITRA MAHAJAN,16 - Convenience Ds CDM,Active,177,SARAT BOSE ROAD CG 3,31-12-2099,118CU0229,ROUTE 11,Active,Daily,19-12-2024 11:46,
11850,MOHUYA SAHA,16 - Convenience Ds CDM,Active,122,T C ROAD PART 1 CG 2,31-12-2099,118EXP2018CU0006,ROUTE  17,Active,Daily,04-10-2017 13:33,
118118,MOLOY MAITY,16 - Convenience Ds CDM,Active,197,TOLLYGUNGE 2 CG,31-12-2099,118CU0189,ROUTE 3,Active,Daily,08-09-2025 14:54,
11889,N,16 - Convenience Ds CDM,Active,59,A.J.C BOSE ROAD CG,31-12-2099,118EXP2020CU0280,N1 BABULAL PAN,Active,Daily,24-02-2017 12:32,
11889,N,16 - Convenience Ds CDM,Active,59,A.J.C BOSE ROAD CG,31-12-2099,118EXP2020CU0369,N10 S K CHOWRASIA,Active,Daily,24-02-2017 12:32,
11889,N,16 - Convenience Ds CDM,Active,59,A.J.C BOSE ROAD CG,31-12-2099,118EXP2021CU0031,N11 MD NAIM,Active,Daily,24-02-2017 12:32,
11889,N,16 - Convenience Ds CDM,Active,59,A.J.C BOSE ROAD CG,31-12-2099,118EXP2021CU0126,N12 LALU SHAW,Active,Daily,24-02-2017 12:32,
11889,N,16 - Convenience Ds CDM,Active,59,A.J.C BOSE ROAD CG,31-12-2099,118EXP2021CU0127,N13 BHARAT LAL CHOWRASIA,Active,Daily,24-02-2017 12:32,
11889,N,16 - Convenience Ds CDM,Active,59,A.J.C BOSE ROAD CG,31-12-2099,118EXP2021CU0128,N14 MAHERDRA PAN,Active,Daily,24-02-2017 12:32,
11889,N,16 - Convenience Ds CDM,Active,59,A.J.C BOSE ROAD CG,31-12-2099,118EXP2021CU0129,N15 GULAB SHAW,Active,Daily,24-02-2017 12:32,
11889,N,16 - Convenience Ds CDM,Active,59,A.J.C BOSE ROAD CG,31-12-2099,118EXP2022CU0051,N16 AMIR CHAND,Active,Daily,24-02-2017 12:32,
11889,N,16 - Convenience Ds CDM,Active,59,A.J.C BOSE ROAD CG,31-12-2099,118EXP2022CU0052,N17 S GIRI,Active,Daily,24-02-2017 12:32,
11889,N,16 - Convenience Ds CDM,Active,59,A.J.C BOSE ROAD CG,31-12-2099,118EXP2022CU0053,N18 LAKHINDER PATIK,Active,Daily,24-02-2017 12:32,
11889,N,16 - Convenience Ds CDM,Active,59,A.J.C BOSE ROAD CG,31-12-2099,118EXP2022CU0054,N19 H P GUPTA,Active,Daily,24-02-2017 12:32,
11889,N,16 - Convenience Ds CDM,Active,59,A.J.C BOSE ROAD CG,31-12-2099,118EXP2020CU0281,N2 M NAYAK,Active,Daily,24-02-2017 12:32,
11889,N,16 - Convenience Ds CDM,Active,59,A.J.C BOSE ROAD CG,31-12-2099,118EXP2023CU0022,N20 TARA MAA STORES,Active,Daily,24-02-2017 12:32,
11889,N,16 - Convenience Ds CDM,Active,59,A.J.C BOSE ROAD CG,31-12-2099,118EXP2023CU0023,N21 MAHENDRA SHAW,Active,Daily,24-02-2017 12:32,
11889,N,16 - Convenience Ds CDM,Active,59,A.J.C BOSE ROAD CG,31-12-2099,118EXP2023CU0024,N22 SINGH STORES,Active,Daily,24-02-2017 12:32,
11889,N,16 - Convenience Ds CDM,Active,59,A.J.C BOSE ROAD CG,31-12-2099,118EXP2023CU0025,N23 APURBA STORES,Active,Daily,24-02-2017 12:32,
11889,N,16 - Convenience Ds CDM,Active,59,A.J.C BOSE ROAD CG,31-12-2099,118EXP2023CU0026,N24 JAI MAA TARA STORES,Active,Daily,24-02-2017 12:32,
11889,N,16 - Convenience Ds CDM,Active,59,A.J.C BOSE ROAD CG,31-12-2099,118EXP2024CU0049,N25 PRASANTA ELECTRIC,Active,Daily,24-02-2017 12:32,
11889,N,16 - Convenience Ds CDM,Active,59,A.J.C BOSE ROAD CG,31-12-2099,118EXP2024CU0050,N26 D SODHI,Active,Daily,24-02-2017 12:32,
11889,N,16 - Convenience Ds CDM,Active,59,A.J.C BOSE ROAD CG,31-12-2099,118EXP2024CU0051,N27 NITYASHRI,Active,Daily,24-02-2017 12:32,
11889,N,16 - Convenience Ds CDM,Active,59,A.J.C BOSE ROAD CG,31-12-2099,118EXP2024CU0052,N28 KARTIK PATRA,Active,Daily,24-02-2017 12:32,
11889,N,16 - Convenience Ds CDM,Active,59,A.J.C BOSE ROAD CG,31-12-2099,118EXP2024CU0053,N29 S PANDA,Active,Daily,24-02-2017 12:32,
11889,N,16 - Convenience Ds CDM,Active,59,A.J.C BOSE ROAD CG,31-12-2099,118EXP2020CU0282,N3 SUJIT SINGHA,Active,Daily,24-02-2017 12:32,
11889,N,16 - Convenience Ds CDM,Active,59,A.J.C BOSE ROAD CG,31-12-2099,118EXP2024CU0061,N30 MD ALIM,Active,Daily,24-02-2017 12:32,
11889,N,16 - Convenience Ds CDM,Active,59,A.J.C BOSE ROAD CG,31-12-2099,118EXP2024CU0062,N31 SHIVAJI SHAW,Active,Daily,24-02-2017 12:32,
11889,N,16 - Convenience Ds CDM,Active,59,A.J.C BOSE ROAD CG,31-12-2099,118EXP2024CU0063,N32 GOPAL BHOWMICK,Active,Daily,24-02-2017 12:32,
11889,N,16 - Convenience Ds CDM,Active,59,A.J.C BOSE ROAD CG,31-12-2099,118EXP2024CU0064,N33 K L SINGH,Active,Daily,24-02-2017 12:32,
11889,N,16 - Convenience Ds CDM,Active,59,A.J.C BOSE ROAD CG,31-12-2099,118EXP2024CU0065,N34 R N NAIK,Active,Daily,24-02-2017 12:32,
11889,N,16 - Convenience Ds CDM,Active,59,A.J.C BOSE ROAD CG,31-12-2099,118EXP2020CU0283,N4 GOBINDA BHANDER,Active,Daily,24-02-2017 12:32,
11889,N,16 - Convenience Ds CDM,Active,59,A.J.C BOSE ROAD CG,31-12-2099,118EXP2020CU0364,N5 BHAGAT,Active,Daily,24-02-2017 12:32,
11889,N,16 - Convenience Ds CDM,Active,59,A.J.C BOSE ROAD CG,31-12-2099,118EXP2020CU0365,N6 ASHOK CHOWRASIA,Active,Daily,24-02-2017 12:32,
11889,N,16 - Convenience Ds CDM,Active,59,A.J.C BOSE ROAD CG,31-12-2099,118EXP2020CU0366,N7 NANDU SHAW,Active,Daily,24-02-2017 12:32,
11889,N,16 - Convenience Ds CDM,Active,59,A.J.C BOSE ROAD CG,31-12-2099,118EXP2020CU0367,N8 BINOD KUMAR GUPTA,Active,Daily,24-02-2017 12:32,
11889,N,16 - Convenience Ds CDM,Active,59,A.J.C BOSE ROAD CG,31-12-2099,118EXP2020CU0368,N9 RAJENDRA CHOWRASIA,Active,Daily,24-02-2017 12:32,
11890,O,16 - Convenience Ds CDM,Active,72,T C ROAD PART 1 CG,31-12-2099,118EXP2020CU0384,10 RINKU DAS,Active,Daily,10-05-2017 16:02,
11890,O,16 - Convenience Ds CDM,Active,72,T C ROAD PART 1 CG,31-12-2099,118EXP2020CU0382,DILIP DAS,Active,Daily,10-05-2017 16:02,
11890,O,16 - Convenience Ds CDM,Active,72,T C ROAD PART 1 CG,31-12-2099,118EXP2020CU0284,O1 AJAY SHAW,Active,Daily,10-05-2017 16:02,
11890,O,16 - Convenience Ds CDM,Active,72,T C ROAD PART 1 CG,31-12-2099,118EXP2020CU0385,O10 ARATI MONDAL,Active,Daily,10-05-2017 16:02,
11890,O,16 - Convenience Ds CDM,Active,72,T C ROAD PART 1 CG,31-12-2099,118EXP2022CU0039,O11 PINTU MONDAL,Active,Daily,10-05-2017 16:02,
11890,O,16 - Convenience Ds CDM,Active,72,T C ROAD PART 1 CG,31-12-2099,118EXP2022CU0040,O12 BENARASI PAN,Active,Daily,10-05-2017 16:02,
11890,O,16 - Convenience Ds CDM,Active,72,T C ROAD PART 1 CG,31-12-2099,118EXP2022CU0041,O13 JATAN PAN,Active,Daily,10-05-2017 16:02,
11890,O,16 - Convenience Ds CDM,Active,72,T C ROAD PART 1 CG,31-12-2099,118EXP2022CU0042,O14 ABDUL KHALID,Active,Daily,10-05-2017 16:02,
11890,O,16 - Convenience Ds CDM,Active,72,T C ROAD PART 1 CG,31-12-2099,118EXP2022CU0043,O15 SUKUMAR DEY,Active,Daily,10-05-2017 16:02,
11890,O,16 - Convenience Ds CDM,Active,72,T C ROAD PART 1 CG,31-12-2099,118EXP2022CU0044,O16 SITARAM SHOW,Active,Daily,10-05-2017 16:02,
11890,O,16 - Convenience Ds CDM,Active,72,T C ROAD PART 1 CG,31-12-2099,118EXP2022CU0045,O17 SAMIR PAUL,Active,Daily,10-05-2017 16:02,
11890,O,16 - Convenience Ds CDM,Active,72,T C ROAD PART 1 CG,31-12-2099,118EXP2022CU0046,O18 ASHOK SHAW,Active,Daily,10-05-2017 16:02,
11890,O,16 - Convenience Ds CDM,Active,72,T C ROAD PART 1 CG,31-12-2099,118EXP2022CU0312,O19 ANITA STORES,Active,Daily,10-05-2017 16:02,
11890,O,16 - Convenience Ds CDM,Active,72,T C ROAD PART 1 CG,31-12-2099,118EXP2020CU0285,O2 BISWNATH PANDEY,Active,Daily,10-05-2017 16:02,
11890,O,16 - Convenience Ds CDM,Active,72,T C ROAD PART 1 CG,31-12-2099,118EXP2022CU0313,O20 SANTLAL JASWAL,Active,Daily,10-05-2017 16:02,
11890,O,16 - Convenience Ds CDM,Active,72,T C ROAD PART 1 CG,31-12-2099,118EXP2022CU0314,O21 CHOWRASIA PAN SHOP,Active,Daily,10-05-2017 16:02,
11890,O,16 - Convenience Ds CDM,Active,72,T C ROAD PART 1 CG,31-12-2099,118EXP2022CU0315,O22 BIKKI STORES,Active,Daily,10-05-2017 16:02,
11890,O,16 - Convenience Ds CDM,Active,72,T C ROAD PART 1 CG,31-12-2099,118EXP2022CU0316,O23 B SHAW,Active,Daily,10-05-2017 16:02,
11890,O,16 - Convenience Ds CDM,Active,72,T C ROAD PART 1 CG,31-12-2099,118EXP2022CU0317,O24 ROUHAL TRADIND,Active,Daily,10-05-2017 16:02,
11890,O,16 - Convenience Ds CDM,Active,72,T C ROAD PART 1 CG,31-12-2099,118EXP2022CU0318,O25 LAXMI STORES,Active,Daily,10-05-2017 16:02,
11890,O,16 - Convenience Ds CDM,Active,72,T C ROAD PART 1 CG,31-12-2099,118EXP2022CU0319,O26 RINKU STORES,Active,Daily,10-05-2017 16:02,
11890,O,16 - Convenience Ds CDM,Active,72,T C ROAD PART 1 CG,31-12-2099,118EXP2024CU0022,O27 DILIP PAN,Active,Daily,10-05-2017 16:02,
11890,O,16 - Convenience Ds CDM,Active,72,T C ROAD PART 1 CG,31-12-2099,118EXP2024CU0023,O28 NEW BENARASHI PAN,Active,Daily,10-05-2017 16:02,
11890,O,16 - Convenience Ds CDM,Active,72,T C ROAD PART 1 CG,31-12-2099,118EXP2024CU0024,O29 NEW PAN,Active,Daily,10-05-2017 16:02,
11890,O,16 - Convenience Ds CDM,Active,72,T C ROAD PART 1 CG,31-12-2099,118EXP2020CU0286,O3 RAJU MID POINT,Active,Daily,10-05-2017 16:02,
11890,O,16 - Convenience Ds CDM,Active,72,T C ROAD PART 1 CG,31-12-2099,118EXP2024CU0025,O30 BEGON SHAW,Active,Daily,10-05-2017 16:02,
11890,O,16 - Convenience Ds CDM,Active,72,T C ROAD PART 1 CG,31-12-2099,118EXP2024CU00226,O31 RAJU STORE,Active,Daily,10-05-2017 16:02,
11890,O,16 - Convenience Ds CDM,Active,72,T C ROAD PART 1 CG,31-12-2099,118EXP2024CU0026,O32 MAHABIR PAN,Active,Daily,10-05-2017 16:02,
11890,O,16 - Convenience Ds CDM,Active,72,T C ROAD PART 1 CG,31-12-2099,118EXP2024CU0027,O33 BHOLA SAHA,Active,Daily,10-05-2017 16:02,
11890,O,16 - Convenience Ds CDM,Active,72,T C ROAD PART 1 CG,31-12-2099,118EXP2024CU0028,O34 BORDA BIRI,Active,Daily,10-05-2017 16:02,
11890,O,16 - Convenience Ds CDM,Active,72,T C ROAD PART 1 CG,31-12-2099,118EXP2024CU0029,O35 S BHANDAR,Active,Daily,10-05-2017 16:02,
11890,O,16 - Convenience Ds CDM,Active,72,T C ROAD PART 1 CG,31-12-2099,118EXP2024CU0030,O36 GUPTA STORE,Active,Daily,10-05-2017 16:02,
11890,O,16 - Convenience Ds CDM,Active,72,T C ROAD PART 1 CG,31-12-2099,118EXP2020CU0287,O4 TARAK TEA STALL,Active,Daily,10-05-2017 16:02,
11890,O,16 - Convenience Ds CDM,Active,72,T C ROAD PART 1 CG,31-12-2099,118EXP2020CU0301,O5 ASHOK SHAW,Active,Daily,10-05-2017 16:02,
11890,O,16 - Convenience Ds CDM,Active,72,T C ROAD PART 1 CG,31-12-2099,118EXP2020CU0302,O6 JHARNA HALDER,Active,Daily,10-05-2017 16:02,
11890,O,16 - Convenience Ds CDM,Active,72,T C ROAD PART 1 CG,31-12-2099,118EXP2020CU0380,O7 SITARAM SHAW,Active,Daily,10-05-2017 16:02,
11890,O,16 - Convenience Ds CDM,Active,72,T C ROAD PART 1 CG,31-12-2099,118EXP2020CU0381,O8 RAMJI SHAW,Active,Daily,10-05-2017 16:02,
11890,O,16 - Convenience Ds CDM,Active,72,T C ROAD PART 1 CG,31-12-2099,118EXP2020CU0383,O9 ABDUL KHALED,Active,Daily,10-05-2017 16:02,
11891,P,16 - Convenience Ds CDM,Active,80,B L SHAH ROAD CG,31-12-2099,118EXP2020CU0288,P1 DULAL GHOSH,Active,Daily,10-05-2017 16:02,
11891,P,16 - Convenience Ds CDM,Active,80,B L SHAH ROAD CG,31-12-2099,118EXP2020CU0397,P10 ARIK SAMANTA,Active,Daily,10-05-2017 16:02,
11891,P,16 - Convenience Ds CDM,Active,80,B L SHAH ROAD CG,31-12-2099,118EXP2022CU0092,P11 DASHI STORES,Active,Daily,10-05-2017 16:02,
11891,P,16 - Convenience Ds CDM,Active,80,B L SHAH ROAD CG,31-12-2099,118EXP2022CU0093,P12 MOHAN TRADERS,Active,Daily,10-05-2017 16:02,
11891,P,16 - Convenience Ds CDM,Active,80,B L SHAH ROAD CG,31-12-2099,118EXP2022CU0094,P13 HORI KAHAR,Active,Daily,10-05-2017 16:02,
11891,P,16 - Convenience Ds CDM,Active,80,B L SHAH ROAD CG,31-12-2099,118EXP2020CU0289,P2 R C YADAV,Active,Daily,10-05-2017 16:02,
11891,P,16 - Convenience Ds CDM,Active,80,B L SHAH ROAD CG,31-12-2099,118EXP2020CU0290,P3 M NAYAK,Active,Daily,10-05-2017 16:02,
11891,P,16 - Convenience Ds CDM,Active,80,B L SHAH ROAD CG,31-12-2099,118EXP2020CU0291,P4 KARTIK DAS,Active,Daily,10-05-2017 16:02,
11891,P,16 - Convenience Ds CDM,Active,80,B L SHAH ROAD CG,31-12-2099,118EXP2020CU0392,P5 AMIT SAHA,Active,Daily,10-05-2017 16:02,
11891,P,16 - Convenience Ds CDM,Active,80,B L SHAH ROAD CG,31-12-2099,118EXP2020CU0393,P6 NIMAI BHANDARI,Active,Daily,10-05-2017 16:02,
11891,P,16 - Convenience Ds CDM,Active,80,B L SHAH ROAD CG,31-12-2099,118EXP2020CU0394,P7 MOMOJ SHAW,Active,Daily,10-05-2017 16:02,
11891,P,16 - Convenience Ds CDM,Active,80,B L SHAH ROAD CG,31-12-2099,118EXP2020CU0395,P8 M NAYAK,Active,Daily,10-05-2017 16:02,
11891,P,16 - Convenience Ds CDM,Active,80,B L SHAH ROAD CG,31-12-2099,118EXP2020CU0396,P9 MD. ATIK,Active,Daily,10-05-2017 16:02,
11823,PRADIP PAUL,16 - Convenience Ds CDM,Active,196,KALIGHAT 5A CG,31-12-2099,118EXP2017CU1254,ROUTE 4,Active,Daily,07-10-2020 14:08,
11892,Q,16 - Convenience Ds CDM,Active,74,S N ROY ROAD CG,31-12-2099,118EXP2020CU0292,Q1 KAILASH PAN,Active,Daily,10-05-2017 16:02,
11892,Q,16 - Convenience Ds CDM,Active,74,S N ROY ROAD CG,31-12-2099,118EXP2022CU0057,Q10 B N SHAW,Active,Daily,10-05-2017 16:02,
11892,Q,16 - Convenience Ds CDM,Active,74,S N ROY ROAD CG,31-12-2099,118EXP2022CU0058,Q11 MUKHERJEE STORES,Active,Daily,10-05-2017 16:02,
11892,Q,16 - Convenience Ds CDM,Active,74,S N ROY ROAD CG,31-12-2099,118EXP2022CU0059,Q12 RANA STORES,Active,Daily,10-05-2017 16:02,
11892,Q,16 - Convenience Ds CDM,Active,74,S N ROY ROAD CG,31-12-2099,118EXP2022CU0060,Q13 BISWAJIT TEA,Active,Daily,10-05-2017 16:02,
11892,Q,16 - Convenience Ds CDM,Active,74,S N ROY ROAD CG,31-12-2099,118EXP2023CU0031,Q14 CREATIVE HORIZONTAL,Active,Daily,10-05-2017 16:02,
11892,Q,16 - Convenience Ds CDM,Active,74,S N ROY ROAD CG,31-12-2099,118EXP2023CU0032,Q15 SATURUPA STORES,Active,Daily,10-05-2017 16:02,
11892,Q,16 - Convenience Ds CDM,Active,74,S N ROY ROAD CG,31-12-2099,118EXP2023CU0033,Q16 DILBAHAR,Active,Daily,10-05-2017 16:02,
11892,Q,16 - Convenience Ds CDM,Active,74,S N ROY ROAD CG,31-12-2099,118EXP2023CU0034,Q17 MODERN COLDDRINKS,Active,Daily,10-05-2017 16:02,
11892,Q,16 - Convenience Ds CDM,Active,74,S N ROY ROAD CG,31-12-2099,118EXP2023CU0035,Q18 SANJAY STORES,Active,Daily,10-05-2017 16:02,
11892,Q,16 - Convenience Ds CDM,Active,74,S N ROY ROAD CG,31-12-2099,118EXP2023CU0036,Q19 PANKAJ PAN,Active,Daily,10-05-2017 16:02,
11892,Q,16 - Convenience Ds CDM,Active,74,S N ROY ROAD CG,31-12-2099,118EXP2020CU0293,Q2 JAMAI PAN,Active,Daily,10-05-2017 16:02,
11892,Q,16 - Convenience Ds CDM,Active,74,S N ROY ROAD CG,31-12-2099,118DMS092500204,Q20 G N SHAW,Active,Daily,10-05-2017 16:02,
11892,Q,16 - Convenience Ds CDM,Active,74,S N ROY ROAD CG,31-12-2099,118DMS092500205,Q21 BECHU CHATUI,Active,Daily,10-05-2017 16:02,
11892,Q,16 - Convenience Ds CDM,Active,74,S N ROY ROAD CG,31-12-2099,118DMS092500206,Q22 BENARASHI PAN (SHYAM CHOWRASIA),Active,Daily,10-05-2017 16:02,
11892,Q,16 - Convenience Ds CDM,Active,74,S N ROY ROAD CG,31-12-2099,118DMS092500207,Q23 SANJOY CHAURASIA,Active,Daily,10-05-2017 16:02,
11892,Q,16 - Convenience Ds CDM,Active,74,S N ROY ROAD CG,31-12-2099,118DMS092500208,Q24 NABA DAS,Active,Daily,10-05-2017 16:02,
11892,Q,16 - Convenience Ds CDM,Active,74,S N ROY ROAD CG,31-12-2099,118DMS092500209,Q25 MANIK DAS,Active,Daily,10-05-2017 16:02,
11892,Q,16 - Convenience Ds CDM,Active,74,S N ROY ROAD CG,31-12-2099,118DMS092500210,Q26 DHIREN CHURASIA,Active,Daily,10-05-2017 16:02,
11892,Q,16 - Convenience Ds CDM,Active,74,S N ROY ROAD CG,31-12-2099,118DMS092500211,Q27 POPULAR,Active,Daily,10-05-2017 16:02,
11892,Q,16 - Convenience Ds CDM,Active,74,S N ROY ROAD CG,31-12-2099,118DMS092500212,Q28 S P CHOWRASIA,Active,Daily,10-05-2017 16:02,
11892,Q,16 - Convenience Ds CDM,Active,74,S N ROY ROAD CG,31-12-2099,118DMS092500228,Q29 KANHAIYA ,Active,Daily,10-05-2017 16:02,
11892,Q,16 - Convenience Ds CDM,Active,74,S N ROY ROAD CG,31-12-2099,118EXP2020CU0294,Q3 NEW BAPI PAN,Active,Daily,10-05-2017 16:02,
11892,Q,16 - Convenience Ds CDM,Active,74,S N ROY ROAD CG,31-12-2099,118DMS092500229,Q30 S N PAN,Active,Daily,10-05-2017 16:02,
11892,Q,16 - Convenience Ds CDM,Active,74,S N ROY ROAD CG,31-12-2099,118DMS092500230,Q31 RAJU STORE,Active,Daily,10-05-2017 16:02,
11892,Q,16 - Convenience Ds CDM,Active,74,S N ROY ROAD CG,31-12-2099,118EXP2020CU0414,Q4 BHOLA SAHANI,Active,Daily,10-05-2017 16:02,
11892,Q,16 - Convenience Ds CDM,Active,74,S N ROY ROAD CG,31-12-2099,118EXP2020CU0415,Q5 PRASANTA PAUL,Active,Daily,10-05-2017 16:02,
11892,Q,16 - Convenience Ds CDM,Active,74,S N ROY ROAD CG,31-12-2099,118EXP2020CU0416,Q6 J N SHAW,Active,Daily,10-05-2017 16:02,
11892,Q,16 - Convenience Ds CDM,Active,74,S N ROY ROAD CG,31-12-2099,118EXP2020CU0417,Q7 MOTI SHAW,Active,Daily,10-05-2017 16:02,
11892,Q,16 - Convenience Ds CDM,Active,74,S N ROY ROAD CG,31-12-2099,118EXP2022CU0055,Q8 SUPARNA TEA,Active,Daily,10-05-2017 16:02,
11892,Q,16 - Convenience Ds CDM,Active,74,S N ROY ROAD CG,31-12-2099,118EXP2022CU0056,Q9 SARASA STORES,Active,Daily,10-05-2017 16:02,
11892,Q,16 - Convenience Ds CDM,Active,74,S N ROY ROAD CG,31-12-2099,118EXP2018CU0011,ROUTE 21,Active,Daily,10-05-2017 16:02,
11893,R,16 - Convenience Ds CDM,Active,62,HARISH MUKHERJEE ROAD CG,31-12-2099,118EXP2020CU0295,R1 RAM PAN,Active,Daily,24-02-2017 12:33,
11893,R,16 - Convenience Ds CDM,Active,62,HARISH MUKHERJEE ROAD CG,31-12-2099,118EXP2022CU0324,R10 PARIMAL MONDAL,Active,Daily,24-02-2017 12:33,
11893,R,16 - Convenience Ds CDM,Active,62,HARISH MUKHERJEE ROAD CG,31-12-2099,118EXP2022CU0325,R11 AKESH STORES,Active,Daily,24-02-2017 12:33,
11893,R,16 - Convenience Ds CDM,Active,62,HARISH MUKHERJEE ROAD CG,31-12-2099,118EXP2022CU0326,R12 SHANAKAR STORES,Active,Daily,24-02-2017 12:33,
11893,R,16 - Convenience Ds CDM,Active,62,HARISH MUKHERJEE ROAD CG,31-12-2099,118EXP2022CU0327,R13 MITTAL STORES,Active,Daily,24-02-2017 12:33,
11893,R,16 - Convenience Ds CDM,Active,62,HARISH MUKHERJEE ROAD CG,31-12-2099,118EXP2022CU0328,R14 SHAW STORES,Active,Daily,24-02-2017 12:33,
11893,R,16 - Convenience Ds CDM,Active,62,HARISH MUKHERJEE ROAD CG,31-12-2099,118EXP2022CU0329,R15 SANKAR STORES,Active,Daily,24-02-2017 12:33,
11893,R,16 - Convenience Ds CDM,Active,62,HARISH MUKHERJEE ROAD CG,31-12-2099,118EXP2022CU0330,R16 LAKSHMI STORES,Active,Daily,24-02-2017 12:33,
11893,R,16 - Convenience Ds CDM,Active,62,HARISH MUKHERJEE ROAD CG,31-12-2099,118EXP2020CU0296,R2 S P GUPTA,Active,Daily,24-02-2017 12:33,
11893,R,16 - Convenience Ds CDM,Active,62,HARISH MUKHERJEE ROAD CG,31-12-2099,118EXP2020CU0431,R3 LAXMI NARAYAN STORES,Active,Daily,24-02-2017 12:33,
11893,R,16 - Convenience Ds CDM,Active,62,HARISH MUKHERJEE ROAD CG,31-12-2099,118EXP2020CU0432,R4 B L SHAW,Active,Daily,24-02-2017 12:33,
11893,R,16 - Convenience Ds CDM,Active,62,HARISH MUKHERJEE ROAD CG,31-12-2099,118EXP2022CU0062,R5 RAJU KAR,Active,Daily,24-02-2017 12:33,
11893,R,16 - Convenience Ds CDM,Active,62,HARISH MUKHERJEE ROAD CG,31-12-2099,118EXP2022CU0063,R6 B SHAW,Active,Daily,24-02-2017 12:33,
11893,R,16 - Convenience Ds CDM,Active,62,HARISH MUKHERJEE ROAD CG,31-12-2099,118EXP2022CU0321,R7 KRISHNA STORES,Active,Daily,24-02-2017 12:33,
11893,R,16 - Convenience Ds CDM,Active,62,HARISH MUKHERJEE ROAD CG,31-12-2099,118EXP2022CU0322,R8 RAVESH LAL KAMATH,Active,Daily,24-02-2017 12:33,
11893,R,16 - Convenience Ds CDM,Active,62,HARISH MUKHERJEE ROAD CG,31-12-2099,118EXP2022CU0323,R9 GUPTA STORES,Active,Daily,24-02-2017 12:33,
11893,R,16 - Convenience Ds CDM,Active,62,HARISH MUKHERJEE ROAD CG,31-12-2099,118CU0183,ROUTE 7,Active,Daily,24-02-2017 12:33,
11894,S,16 - Convenience Ds CDM,Active,60,HAZRA ROAD CG,31-12-2099,118EXP2020CU0297,S1 S SHAW,Active,Daily,24-02-2017 12:32,
11894,S,16 - Convenience Ds CDM,Active,60,HAZRA ROAD CG,31-12-2099,118EXP2020CU0436,S10 MUNNA SHAW,Active,Daily,24-02-2017 12:32,
11894,S,16 - Convenience Ds CDM,Active,60,HAZRA ROAD CG,31-12-2099,118EXP2020CU0437,S11 ANJAN DAS,Active,Daily,24-02-2017 12:32,
11894,S,16 - Convenience Ds CDM,Active,60,HAZRA ROAD CG,31-12-2099,118EXP2020CU0438,S12 S R DAS,Active,Daily,24-02-2017 12:32,
11894,S,16 - Convenience Ds CDM,Active,60,HAZRA ROAD CG,31-12-2099,118EXP2020CU0439,S13 RABIN STORES,Active,Daily,24-02-2017 12:32,
11894,S,16 - Convenience Ds CDM,Active,60,HAZRA ROAD CG,31-12-2099,118EXP2020CU0440,S14 ARUN CHANDRA PAUL,Active,Daily,24-02-2017 12:32,
11894,S,16 - Convenience Ds CDM,Active,60,HAZRA ROAD CG,31-12-2099,118EXP2021CU0099,S15 PAPPU PAN,Active,Daily,24-02-2017 12:32,
11894,S,16 - Convenience Ds CDM,Active,60,HAZRA ROAD CG,31-12-2099,118EXP2021CU0100,S16 R N SHAW,Active,Daily,24-02-2017 12:32,
11894,S,16 - Convenience Ds CDM,Active,60,HAZRA ROAD CG,31-12-2099,118EXP2021CU0101,S17 NEHA STORES,Active,Daily,24-02-2017 12:32,
11894,S,16 - Convenience Ds CDM,Active,60,HAZRA ROAD CG,31-12-2099,118EXP2021CU0102,S18 MALA SHAW,Active,Daily,24-02-2017 12:32,
11894,S,16 - Convenience Ds CDM,Active,60,HAZRA ROAD CG,31-12-2099,118EXP2021CU0103,S19 MALA SHAW 2,Active,Daily,24-02-2017 12:32,
11894,S,16 - Convenience Ds CDM,Active,60,HAZRA ROAD CG,31-12-2099,118EXP2020CU0298,S2 MAA KALI STORES,Active,Daily,24-02-2017 12:32,
11894,S,16 - Convenience Ds CDM,Active,60,HAZRA ROAD CG,31-12-2099,118EXP2021CU0104,S20 ANANTA SHAW,Active,Daily,24-02-2017 12:32,
11894,S,16 - Convenience Ds CDM,Active,60,HAZRA ROAD CG,31-12-2099,118EXP2021CU0105,S21 D P SINGH,Active,Daily,24-02-2017 12:32,
11894,S,16 - Convenience Ds CDM,Active,60,HAZRA ROAD CG,31-12-2099,118EXP2021CU0106,S22 G P SINGH,Active,Daily,24-02-2017 12:32,
11894,S,16 - Convenience Ds CDM,Active,60,HAZRA ROAD CG,31-12-2099,118EXP2022CU0331,S23 LAXMAN LAL LATUYA,Active,Daily,24-02-2017 12:32,
11894,S,16 - Convenience Ds CDM,Active,60,HAZRA ROAD CG,31-12-2099,118EXP2022CU0332,S24 S MAJI,Active,Daily,24-02-2017 12:32,
11894,S,16 - Convenience Ds CDM,Active,60,HAZRA ROAD CG,31-12-2099,118EXP2022CU0333,S25 NEW BANARASHI,Active,Daily,24-02-2017 12:32,
11894,S,16 - Convenience Ds CDM,Active,60,HAZRA ROAD CG,31-12-2099,118EXP2022CU0334,S26 M P CHOWRASIA,Active,Daily,24-02-2017 12:32,
11894,S,16 - Convenience Ds CDM,Active,60,HAZRA ROAD CG,31-12-2099,118EXP2022CU0335,S27 R N SAHOO,Active,Daily,24-02-2017 12:32,
11894,S,16 - Convenience Ds CDM,Active,60,HAZRA ROAD CG,31-12-2099,118EXP2022CU0336,S28 O P CHOWRASIA,Active,Daily,24-02-2017 12:32,
11894,S,16 - Convenience Ds CDM,Active,60,HAZRA ROAD CG,31-12-2099,118EXP2022CU0337,S29 BANARASI PAN,Active,Daily,24-02-2017 12:32,
11894,S,16 - Convenience Ds CDM,Active,60,HAZRA ROAD CG,31-12-2099,118EXP2020CU0299,S3 R C SHAW,Active,Daily,24-02-2017 12:32,
11894,S,16 - Convenience Ds CDM,Active,60,HAZRA ROAD CG,31-12-2099,118EXP2022CU0338,S30 RAJ KUMAR GUPTA,Active,Daily,24-02-2017 12:32,
11894,S,16 - Convenience Ds CDM,Active,60,HAZRA ROAD CG,31-12-2099,118EXP2022CU0339,S31 B MULLICK,Active,Daily,24-02-2017 12:32,
11894,S,16 - Convenience Ds CDM,Active,60,HAZRA ROAD CG,31-12-2099,118EXP2022CU0340,S32 BABA BISWANATH,Active,Daily,24-02-2017 12:32,
11894,S,16 - Convenience Ds CDM,Active,60,HAZRA ROAD CG,31-12-2099,118EXP2022CU0341,S33 KAYAKS GUPTA,Active,Daily,24-02-2017 12:32,
11894,S,16 - Convenience Ds CDM,Active,60,HAZRA ROAD CG,31-12-2099,118EXP2022CU0342,S34 RAJ MOHAN SHOW,Active,Daily,24-02-2017 12:32,
11894,S,16 - Convenience Ds CDM,Active,60,HAZRA ROAD CG,31-12-2099,118EXP2022CU0343,S35 SHIB PAN SHOP,Active,Daily,24-02-2017 12:32,
11894,S,16 - Convenience Ds CDM,Active,60,HAZRA ROAD CG,31-12-2099,118EXP2022CU0344,S36 L C CHOWDHURI,Active,Daily,24-02-2017 12:32,
11894,S,16 - Convenience Ds CDM,Active,60,HAZRA ROAD CG,31-12-2099,118EXP2022CU0345,S37 N N CHOWRASIA,Active,Daily,24-02-2017 12:32,
11894,S,16 - Convenience Ds CDM,Active,60,HAZRA ROAD CG,31-12-2099,118EXP2022CU0346,S38 INDRANI STORES,Active,Daily,24-02-2017 12:32,
11894,S,16 - Convenience Ds CDM,Active,60,HAZRA ROAD CG,31-12-2099,118EXP2020CU0300,S4 R C PANDA,Active,Daily,24-02-2017 12:32,
11894,S,16 - Convenience Ds CDM,Active,60,HAZRA ROAD CG,31-12-2099,118EXP2020CU0303,S5 SENTU SOM,Active,Daily,24-02-2017 12:32,
11894,S,16 - Convenience Ds CDM,Active,60,HAZRA ROAD CG,31-12-2099,118EXP2020CU0304,S6 T SHAW,Active,Daily,24-02-2017 12:32,
11894,S,16 - Convenience Ds CDM,Active,60,HAZRA ROAD CG,31-12-2099,118EXP2020CU0433,S7 PARESH MANNA,Active,Daily,24-02-2017 12:32,
11894,S,16 - Convenience Ds CDM,Active,60,HAZRA ROAD CG,31-12-2099,118EXP2020CU0434,S8 LAL BABU SHAW,Active,Daily,24-02-2017 12:32,
11894,S,16 - Convenience Ds CDM,Active,60,HAZRA ROAD CG,31-12-2099,118EXP2020CU0435,S9 OM PRAKESH GUPTA,Active,Daily,24-02-2017 12:32,
11855,SABITA DEY,16 - Convenience Ds CDM,Active,127,BHAWANIPORE CG 2,31-12-2099,118CU0182,ROUTE 6,Active,Daily,12-10-2017 12:50,
118120,SANAT SARKAR 9051534171,16 - Convenience Ds CDM,Active,129,HARISH CHATTERJEE CG 2,31-12-2099,118CU0186,ROUTE 10,Active,Daily,11-02-2026 13:09,
118109,Sanjoy Adhakari,16 - Convenience Ds CDM,Active,CY0000000311,"265, ROY BAHADUR ROAD (COMMON)",31-12-2099,118C0721FD,MAA KALI STORES (DPS),Inactive,Daily,21-08-2024 12:12,
118109,Sanjoy Adhakari,16 - Convenience Ds CDM,Active,CY0000000311,"265, ROY BAHADUR ROAD (COMMON)",31-12-2099,118EXP2021CU0004,R K ENTERPRISE,Inactive,Daily,21-08-2024 12:12,
118109,Sanjoy Adhakari,16 - Convenience Ds CDM,Active,CY0000000311,"265, ROY BAHADUR ROAD (COMMON)",31-12-2099,118EXP2018CU0003,ROUTE 14,Active,Daily,21-08-2024 12:12,
118109,Sanjoy Adhakari,16 - Convenience Ds CDM,Active,CY0000000312,"265, ROY BAHADUR ROAD CG",31-12-2099,118C1,CASH/CREDIT SALES,Active,Daily,21-08-2024 12:12,
11856,SHASHIKALA MAHATO,16 - Convenience Ds CDM,Active,128,CHETLA HUT TO GOPALNAGAR CG 2,31-12-2099,118EXP2018CU0013,ROUTE 22,Active,Daily,13-10-2017 12:48,
118117,SOUMEN MAITY,16 - Convenience Ds CDM,Active,258,HAZRA ROAD CG 3,31-12-2099,118EXP2022CU0361,ROUTE 13A,Active,Daily,13-08-2025 14:49,
11858,SRIKANT SHARMA,16 - Convenience Ds CDM,Active,130,KALIGHAT 1 CG 2,31-12-2099,118CU0184,ROUTE 8,Active,Daily,18-10-2017 12:32,
11858,SRIKANT SHARMA,16 - Convenience Ds CDM,Active,281,SN Roy Road,31-12-2099,118672421,BABLU TEA,Active,Daily,19-01-2024 13:55,
11858,SRIKANT SHARMA,16 - Convenience Ds CDM,Active,281,SN Roy Road,31-12-2099,118672940,BECHU CHATUI,Active,Daily,19-01-2024 13:55,
11858,SRIKANT SHARMA,16 - Convenience Ds CDM,Active,281,SN Roy Road,31-12-2099,118673692,BELA STORES,Active,Daily,19-01-2024 13:55,
11858,SRIKANT SHARMA,16 - Convenience Ds CDM,Active,281,SN Roy Road,31-12-2099,118673061,BENARASHI PAN SHOP,Active,Daily,19-01-2024 13:55,
11858,SRIKANT SHARMA,16 - Convenience Ds CDM,Active,281,SN Roy Road,31-12-2099,118666650,BISHOJIT ADHIKARI,Active,Daily,19-01-2024 13:55,
11858,SRIKANT SHARMA,16 - Convenience Ds CDM,Active,281,SN Roy Road,31-12-2099,118703395,BISWAJIT TEA STALL,Active,Daily,19-01-2024 13:55,
11858,SRIKANT SHARMA,16 - Convenience Ds CDM,Active,281,SN Roy Road,31-12-2099,118673327,BISWANATH STORES,Active,Daily,19-01-2024 13:55,
11858,SRIKANT SHARMA,16 - Convenience Ds CDM,Active,281,SN Roy Road,31-12-2099,118806012,DIPALI PAN,Active,Daily,19-01-2024 13:55,
11858,SRIKANT SHARMA,16 - Convenience Ds CDM,Active,281,SN Roy Road,31-12-2099,118673718,DIPALI STORES,Active,Daily,19-01-2024 13:55,
11858,SRIKANT SHARMA,16 - Convenience Ds CDM,Active,281,SN Roy Road,31-12-2099,118673255,DULAL PAN,Active,Daily,19-01-2024 13:55,
11858,SRIKANT SHARMA,16 - Convenience Ds CDM,Active,281,SN Roy Road,31-12-2099,118672174,DUTKUMAR DOLOI,Active,Daily,19-01-2024 13:55,
11858,SRIKANT SHARMA,16 - Convenience Ds CDM,Active,281,SN Roy Road,31-12-2099,118666576,G N SHAW,Active,Daily,19-01-2024 13:55,
11858,SRIKANT SHARMA,16 - Convenience Ds CDM,Active,281,SN Roy Road,31-12-2099,118806016,JAMAI,Active,Daily,19-01-2024 13:55,
11858,SRIKANT SHARMA,16 - Convenience Ds CDM,Active,281,SN Roy Road,31-12-2099,118673312,JAMAI PAN,Active,Daily,19-01-2024 13:55,
11858,SRIKANT SHARMA,16 - Convenience Ds CDM,Active,281,SN Roy Road,31-12-2099,118672561,JASHODA PAN,Active,Daily,19-01-2024 13:55,
11858,SRIKANT SHARMA,16 - Convenience Ds CDM,Active,281,SN Roy Road,31-12-2099,118666569,KAILASH PAN,Active,Daily,19-01-2024 13:55,
11858,SRIKANT SHARMA,16 - Convenience Ds CDM,Active,281,SN Roy Road,31-12-2099,118672667,KRISHNA TELEPHONE,Active,Daily,19-01-2024 13:55,
11858,SRIKANT SHARMA,16 - Convenience Ds CDM,Active,281,SN Roy Road,31-12-2099,118672273,MONOJ PAN,Active,Daily,19-01-2024 13:55,
11858,SRIKANT SHARMA,16 - Convenience Ds CDM,Active,281,SN Roy Road,31-12-2099,118666651,MOTI SHAW,Active,Daily,19-01-2024 13:55,
11858,SRIKANT SHARMA,16 - Convenience Ds CDM,Active,281,SN Roy Road,31-12-2099,118673203,NEW BAPI PAN,Active,Daily,19-01-2024 13:55,
11858,SRIKANT SHARMA,16 - Convenience Ds CDM,Active,281,SN Roy Road,31-12-2099,118672941,PRODIP MISHRA,Active,Daily,19-01-2024 13:55,
11858,SRIKANT SHARMA,16 - Convenience Ds CDM,Active,281,SN Roy Road,31-12-2099,118672194,PROMILA STORES,Active,Daily,19-01-2024 13:55,
11858,SRIKANT SHARMA,16 - Convenience Ds CDM,Active,281,SN Roy Road,31-12-2099,118672816,PROSHANTA HALDER,Active,Daily,19-01-2024 13:55,
11858,SRIKANT SHARMA,16 - Convenience Ds CDM,Active,281,SN Roy Road,31-12-2099,118672347,RUPES PAN,Active,Daily,19-01-2024 13:55,
11858,SRIKANT SHARMA,16 - Convenience Ds CDM,Active,281,SN Roy Road,31-12-2099,118673292,RUPSHA CABIN,Active,Daily,19-01-2024 13:55,
11858,SRIKANT SHARMA,16 - Convenience Ds CDM,Active,281,SN Roy Road,31-12-2099,118713180,SANJAY CHAWRASIA,Active,Daily,19-01-2024 13:55,
11858,SRIKANT SHARMA,16 - Convenience Ds CDM,Active,281,SN Roy Road,31-12-2099,118673268,SATTYANARAYAN STORES,Active,Daily,19-01-2024 13:55,
11858,SRIKANT SHARMA,16 - Convenience Ds CDM,Active,281,SN Roy Road,31-12-2099,118673179,SHANTANU STORES,Active,Daily,19-01-2024 13:55,
11858,SRIKANT SHARMA,16 - Convenience Ds CDM,Active,281,SN Roy Road,31-12-2099,118672352,SHIBU VARIETY,Active,Daily,19-01-2024 13:55,
11858,SRIKANT SHARMA,16 - Convenience Ds CDM,Active,281,SN Roy Road,31-12-2099,118673101,SUPARNA TEA,Active,Daily,19-01-2024 13:55,
11858,SRIKANT SHARMA,16 - Convenience Ds CDM,Active,281,SN Roy Road,31-12-2099,118673295,SWAPAN PAN,Active,Daily,19-01-2024 13:55,
11858,SRIKANT SHARMA,16 - Convenience Ds CDM,Active,281,SN Roy Road,31-12-2099,118672437,TUSHAR MONDA,Active,Daily,19-01-2024 13:55,
11839,SRIMANTA MANNA,16 - Convenience Ds CDM,Active,200,S N ROY ROAD 2 CG,31-12-2099,118EXP2018CU0011,ROUTE 21,Active,Daily,09-10-2020 18:48,
11854,SUBHASIS MAITY 9748666571,16 - Convenience Ds CDM,Active,260,LAKE MARKET CG 3,31-12-2099,118EXP2023CU0110,ROUTE 9A,Active,Daily,11-10-2023 14:18,
11859,SUBHO MONDAL CG,16 - Convenience Ds CDM,Active,131,KALIGHAT 4 CG 2,31-12-2099,118CU0507,ROUTE 63,Active,Daily,18-10-2017 12:32,
11821,SUJAN MAITY,16 - Convenience Ds CDM,Active,126,LAKE MARKET CG 2,31-12-2099,118CU0185,ROUTE 9,Active,Daily,11-10-2017 12:56,
118122,SUKUMAR MONDAL 9007289443,16 - Convenience Ds CDM,Active,119,B L SHAH ROAD CG 2,31-12-2099,118EXP2018CU0007,ROUTE 18,Active,Daily,02-05-2026 12:43,
11862,SUNIL KUMAR,16 - Convenience Ds CDM,Active,135,KALIGHAT 3 CG - 2,31-12-2099,118CUO717,ROUTE 64,Active,Daily,28-03-2018 18:27,
11820,SUSHIL MAITY,16 - Convenience Ds CDM,Active,201,HARISH MUKHERJEE ROAD 2 CG,31-12-2099,118CU0183,ROUTE 7,Active,Daily,14-10-2020 13:27,
11895,T,16 - Convenience Ds CDM,Active,57,RASH BEHARI AVANUE CG,31-12-2099,118CU0191,ROUTE 32,Active,Daily,24-02-2017 12:31,
11895,T,16 - Convenience Ds CDM,Active,57,RASH BEHARI AVANUE CG,31-12-2099,118EXP2020CU0305,T1 ASHOK KOYAL,Active,Daily,24-02-2017 12:31,
11895,T,16 - Convenience Ds CDM,Active,57,RASH BEHARI AVANUE CG,31-12-2099,118EXP2022CU0064,T10 SAMRAT,Active,Daily,24-02-2017 12:31,
11895,T,16 - Convenience Ds CDM,Active,57,RASH BEHARI AVANUE CG,31-12-2099,118EXP2022CU0065,T11 GANAPATI STORE,Active,Daily,24-02-2017 12:31,
11895,T,16 - Convenience Ds CDM,Active,57,RASH BEHARI AVANUE CG,31-12-2099,118EXP2022CU0066,T12 JAYGURU PAN,Active,Daily,24-02-2017 12:31,
11895,T,16 - Convenience Ds CDM,Active,57,RASH BEHARI AVANUE CG,31-12-2099,118EXP2022CU0095,T13 BADRI YADAB,Active,Daily,24-02-2017 12:31,
11895,T,16 - Convenience Ds CDM,Active,57,RASH BEHARI AVANUE CG,31-12-2099,118EXP2022CU0096,T14 UTTAM NASKAR,Active,Daily,24-02-2017 12:31,
11895,T,16 - Convenience Ds CDM,Active,57,RASH BEHARI AVANUE CG,31-12-2099,118EXP2022CU0097,T15 GOURI SHAW,Active,Daily,24-02-2017 12:31,
11895,T,16 - Convenience Ds CDM,Active,57,RASH BEHARI AVANUE CG,31-12-2099,118DMS092500203,T16 TAPAN PAAN,Active,Daily,24-02-2017 12:31,
11895,T,16 - Convenience Ds CDM,Active,57,RASH BEHARI AVANUE CG,31-12-2099,118DMS012600256,T17 N SHAOO,Active,Daily,24-02-2017 12:31,
11895,T,16 - Convenience Ds CDM,Active,57,RASH BEHARI AVANUE CG,31-12-2099,118DMS012600257,T18 RAVI SHAW,Active,Daily,24-02-2017 12:31,
11895,T,16 - Convenience Ds CDM,Active,57,RASH BEHARI AVANUE CG,31-12-2099,118DMS012600258,T19 VINOD SHAW,Active,Daily,24-02-2017 12:31,
11895,T,16 - Convenience Ds CDM,Active,57,RASH BEHARI AVANUE CG,31-12-2099,118EXP2020CU0306,T2 GIRIDHAR MAHATO,Active,Daily,24-02-2017 12:31,
11895,T,16 - Convenience Ds CDM,Active,57,RASH BEHARI AVANUE CG,31-12-2099,118DMS012600260,T20 JAYDEV PAN,Active,Daily,24-02-2017 12:31,
11895,T,16 - Convenience Ds CDM,Active,57,RASH BEHARI AVANUE CG,31-12-2099,118DMS012600261,T21 R K PAAN,Active,Daily,24-02-2017 12:31,
11895,T,16 - Convenience Ds CDM,Active,57,RASH BEHARI AVANUE CG,31-12-2099,118DMS012600262,T22 BISWANATH PAAN,Active,Daily,24-02-2017 12:31,
11895,T,16 - Convenience Ds CDM,Active,57,RASH BEHARI AVANUE CG,31-12-2099,118DMS012600263,T23 LALU SHAW,Active,Daily,24-02-2017 12:31,
11895,T,16 - Convenience Ds CDM,Active,57,RASH BEHARI AVANUE CG,31-12-2099,118DMS012600265,T24 S N PAN,Active,Daily,24-02-2017 12:31,
11895,T,16 - Convenience Ds CDM,Active,57,RASH BEHARI AVANUE CG,31-12-2099,118DMS012600259,T25 MAA SANTI,Active,Daily,24-02-2017 12:31,
11895,T,16 - Convenience Ds CDM,Active,57,RASH BEHARI AVANUE CG,31-12-2099,118DMS012600264,T26 GUPTA STORE,Active,Daily,24-02-2017 12:31,
11895,T,16 - Convenience Ds CDM,Active,57,RASH BEHARI AVANUE CG,31-12-2099,118EXP2020CU0307,T3 HIRALAL SHAW,Active,Daily,24-02-2017 12:31,
11895,T,16 - Convenience Ds CDM,Active,57,RASH BEHARI AVANUE CG,31-12-2099,118EXP2020CU0308,T4 S DAS,Active,Daily,24-02-2017 12:31,
11895,T,16 - Convenience Ds CDM,Active,57,RASH BEHARI AVANUE CG,31-12-2099,118EXP2020CU0370,T5 TARAK NATH,Active,Daily,24-02-2017 12:31,
11895,T,16 - Convenience Ds CDM,Active,57,RASH BEHARI AVANUE CG,31-12-2099,118EXP2020CU0371,T6 S DAS,Active,Daily,24-02-2017 12:31,
11895,T,16 - Convenience Ds CDM,Active,57,RASH BEHARI AVANUE CG,31-12-2099,118EXP2020CU0372,T7 D KAR,Active,Daily,24-02-2017 12:31,
11895,T,16 - Convenience Ds CDM,Active,57,RASH BEHARI AVANUE CG,31-12-2099,118EXP2020CU0373,T8 BINOD KR GUPTA,Active,Daily,24-02-2017 12:31,
11895,T,16 - Convenience Ds CDM,Active,57,RASH BEHARI AVANUE CG,31-12-2099,118EXP2020CU0374,T9 BIPLAB GHOSH,Active,Daily,24-02-2017 12:31,
11838,TAPAN BISWAS,16 - Convenience Ds CDM,Active,195,ALIPORE TO GORGE COURT 2 CG,31-12-2099,118EXP2018CU0010,ROUTE 20,Active,Daily,05-10-2020 12:59,
11814,TAPAN MAITY,16 - Convenience Ds CDM,Active,194,RASH BEHARI AVANUE 2 CG,31-12-2099,118CU0191,ROUTE 32,Active,Daily,03-10-2020 19:37,
11896,U,16 - Convenience Ds CDM,Active,77,ALIPORE - 1 CG,31-12-2099,118EXP2018CU0016,ROUTE 23,Active,Daily,10-05-2017 16:02,
11896,U,16 - Convenience Ds CDM,Active,77,ALIPORE - 1 CG,31-12-2099,118EXP2020CU0309,U1 BIVA STORES,Active,Daily,10-05-2017 16:02,
11896,U,16 - Convenience Ds CDM,Active,77,ALIPORE - 1 CG,31-12-2099,118EXP2022CU0117,U10 BINOD STORES,Active,Daily,10-05-2017 16:02,
11896,U,16 - Convenience Ds CDM,Active,77,ALIPORE - 1 CG,31-12-2099,118EXP2022CU0118,U11 ALIPORE STORES,Active,Daily,10-05-2017 16:02,
11896,U,16 - Convenience Ds CDM,Active,77,ALIPORE - 1 CG,31-12-2099,118EXP2024CU0017,U12 PALTU PAN,Active,Daily,10-05-2017 16:02,
11896,U,16 - Convenience Ds CDM,Active,77,ALIPORE - 1 CG,31-12-2099,118EXP2024CU0018,U13 BAPI PAN,Active,Daily,10-05-2017 16:02,
11896,U,16 - Convenience Ds CDM,Active,77,ALIPORE - 1 CG,31-12-2099,118EXP2024CU0019,U14 ALIPORE ICELAND,Active,Daily,10-05-2017 16:02,
11896,U,16 - Convenience Ds CDM,Active,77,ALIPORE - 1 CG,31-12-2099,118EXP2024CU0020,U15 ABHIJEET PAN SHOP,Active,Daily,10-05-2017 16:02,
11896,U,16 - Convenience Ds CDM,Active,77,ALIPORE - 1 CG,31-12-2099,118EXP2024CU0021,U16 RANJIT PAN,Active,Daily,10-05-2017 16:02,
11896,U,16 - Convenience Ds CDM,Active,77,ALIPORE - 1 CG,31-12-2099,118DMS102400049,U17 PRASANTA,Active,Daily,10-05-2017 16:02,
11896,U,16 - Convenience Ds CDM,Active,77,ALIPORE - 1 CG,31-12-2099,118DMS102400050,U18 AMIT KUMAR,Active,Daily,10-05-2017 16:02,
11896,U,16 - Convenience Ds CDM,Active,77,ALIPORE - 1 CG,31-12-2099,118DMS102400051,U19 ASHIM SHOP,Active,Daily,10-05-2017 16:02,
11896,U,16 - Convenience Ds CDM,Active,77,ALIPORE - 1 CG,31-12-2099,118EXP2020CU0310,U2 SAILEN PAN,Active,Daily,10-05-2017 16:02,
11896,U,16 - Convenience Ds CDM,Active,77,ALIPORE - 1 CG,31-12-2099,118DMS102400052,U20 SUMON PAUL,Active,Daily,10-05-2017 16:02,
11896,U,16 - Convenience Ds CDM,Active,77,ALIPORE - 1 CG,31-12-2099,118EXP2020CU0426,U3 SAILEN DUTTA,Active,Daily,10-05-2017 16:02,
11896,U,16 - Convenience Ds CDM,Active,77,ALIPORE - 1 CG,31-12-2099,118EXP2020CU0427,U4 TAPAN DAS,Active,Daily,10-05-2017 16:02,
11896,U,16 - Convenience Ds CDM,Active,77,ALIPORE - 1 CG,31-12-2099,118EXP2020CU0428,U5 SANJAY DAS,Active,Daily,10-05-2017 16:02,
11896,U,16 - Convenience Ds CDM,Active,77,ALIPORE - 1 CG,31-12-2099,118EXP2020CU0429,U6 SHAKTI PADA DUTTA,Active,Daily,10-05-2017 16:02,
11896,U,16 - Convenience Ds CDM,Active,77,ALIPORE - 1 CG,31-12-2099,118EXP2020CU0430,U7 BAPI DAS,Active,Daily,10-05-2017 16:02,
11896,U,16 - Convenience Ds CDM,Active,77,ALIPORE - 1 CG,31-12-2099,118EXP2022CU0115,U8 DEBU PAN,Active,Daily,10-05-2017 16:02,
11896,U,16 - Convenience Ds CDM,Active,77,ALIPORE - 1 CG,31-12-2099,118EXP2022CU0116,U9 BENARASHI PAN,Active,Daily,10-05-2017 16:02,
11842,UTPAL BAG,16 - Convenience Ds CDM,Active,199,ALIPORE - 2 CG,31-12-2099,118EXP2018CU0016,ROUTE 23,Active,Daily,07-10-2020 20:05,
11897,V,16 - Convenience Ds CDM,Active,75,ALIPORE TO GORGE COURT CG,31-12-2099,118EXP201768,JOLOJOG .,Inactive,Daily,10-05-2017 16:02,
11897,V,16 - Convenience Ds CDM,Active,75,ALIPORE TO GORGE COURT CG,31-12-2099,118EXP2018CU0010,ROUTE 20,Active,Daily,10-05-2017 16:02,
11897,V,16 - Convenience Ds CDM,Active,75,ALIPORE TO GORGE COURT CG,31-12-2099,118EXP2020CU0311,V1 ASHIM DUTTA,Active,Daily,10-05-2017 16:02,
11897,V,16 - Convenience Ds CDM,Active,75,ALIPORE TO GORGE COURT CG,31-12-2099,118EXP2022CU0068,V10 BISUJIT PAN,Active,Daily,10-05-2017 16:02,
11897,V,16 - Convenience Ds CDM,Active,75,ALIPORE TO GORGE COURT CG,31-12-2099,118EXP2022CU0069,V11 PARIMAL SARKAR,Active,Daily,10-05-2017 16:02,
11897,V,16 - Convenience Ds CDM,Active,75,ALIPORE TO GORGE COURT CG,31-12-2099,118EXP2022CU0070,V12 TAPAN GIRI,Active,Daily,10-05-2017 16:02,
11897,V,16 - Convenience Ds CDM,Active,75,ALIPORE TO GORGE COURT CG,31-12-2099,118EXP2022CU0071,V13 G JANA,Active,Daily,10-05-2017 16:02,
11897,V,16 - Convenience Ds CDM,Active,75,ALIPORE TO GORGE COURT CG,31-12-2099,118EXP2022CU0072,V14 SHYAM GIRI,Active,Daily,10-05-2017 16:02,
11897,V,16 - Convenience Ds CDM,Active,75,ALIPORE TO GORGE COURT CG,31-12-2099,118EXP2024CU0031,V15 JBL STORE,Active,Daily,10-05-2017 16:02,
11897,V,16 - Convenience Ds CDM,Active,75,ALIPORE TO GORGE COURT CG,31-12-2099,118EXP2024CU0032,V16 VUAY NATH,Active,Daily,10-05-2017 16:02,
11897,V,16 - Convenience Ds CDM,Active,75,ALIPORE TO GORGE COURT CG,31-12-2099,118EXP2024CU0033,V17 ROBIN NATH,Active,Daily,10-05-2017 16:02,
11897,V,16 - Convenience Ds CDM,Active,75,ALIPORE TO GORGE COURT CG,31-12-2099,118EXP2024CU0037,V18 ADIRATH ROUTH,Active,Daily,10-05-2017 16:02,
11897,V,16 - Convenience Ds CDM,Active,75,ALIPORE TO GORGE COURT CG,31-12-2099,118EXP2024CU0038,V19 RINTU,Active,Daily,10-05-2017 16:02,
11897,V,16 - Convenience Ds CDM,Active,75,ALIPORE TO GORGE COURT CG,31-12-2099,118EXP2020CU0312,V2 RUDRA STORES,Active,Daily,10-05-2017 16:02,
11897,V,16 - Convenience Ds CDM,Active,75,ALIPORE TO GORGE COURT CG,31-12-2099,118EXP2024CU0039,V20 HARAN CHANDRA MONDAL,Active,Daily,10-05-2017 16:02,
11897,V,16 - Convenience Ds CDM,Active,75,ALIPORE TO GORGE COURT CG,31-12-2099,118EXP2024CU0040,V21 R K SENGUPTA,Active,Daily,10-05-2017 16:02,
11897,V,16 - Convenience Ds CDM,Active,75,ALIPORE TO GORGE COURT CG,31-12-2099,118EXP2024CU0041,V22 CHANRDA SHAKHAR,Active,Daily,10-05-2017 16:02,
11897,V,16 - Convenience Ds CDM,Active,75,ALIPORE TO GORGE COURT CG,31-12-2099,118EXP2024CU0042,V23 TILAK CHOWRASIA,Active,Daily,10-05-2017 16:02,
11897,V,16 - Convenience Ds CDM,Active,75,ALIPORE TO GORGE COURT CG,31-12-2099,118EXP2024CU0043,V24 SANDIP CHAKRABORTY,Active,Daily,10-05-2017 16:02,
11897,V,16 - Convenience Ds CDM,Active,75,ALIPORE TO GORGE COURT CG,31-12-2099,118EXP2020CU0313,V3 MISRA PAN,Active,Daily,10-05-2017 16:02,
11897,V,16 - Convenience Ds CDM,Active,75,ALIPORE TO GORGE COURT CG,31-12-2099,118EXP2020CU0404,V4 P N SHAW,Active,Daily,10-05-2017 16:02,
11897,V,16 - Convenience Ds CDM,Active,75,ALIPORE TO GORGE COURT CG,31-12-2099,118EXP2020CU0405,V5 SUBHASH CHOWRASIA,Active,Daily,10-05-2017 16:02,
11897,V,16 - Convenience Ds CDM,Active,75,ALIPORE TO GORGE COURT CG,31-12-2099,118EXP2020CU0406,V6 SK ALIMUDDIN,Active,Daily,10-05-2017 16:02,
11897,V,16 - Convenience Ds CDM,Active,75,ALIPORE TO GORGE COURT CG,31-12-2099,118EXP2022CU0193,V7 TARA MAA BHANDAR,Active,Daily,10-05-2017 16:02,
11897,V,16 - Convenience Ds CDM,Active,75,ALIPORE TO GORGE COURT CG,31-12-2099,118EXP2020CU0407,V8 SHYAM GIRI,Active,Daily,10-05-2017 16:02,
11897,V,16 - Convenience Ds CDM,Active,75,ALIPORE TO GORGE COURT CG,31-12-2099,118EXP2022CU0067,V9 NADU SINGH,Active,Daily,10-05-2017 16:02,
11898,W,16 - Convenience Ds CDM,Active,202,TOLLYGUNGE CG (NEW) 1,31-12-2099,118EXP2021CU0025,ROUTE 37,Inactive,Daily,27-03-2021 19:52,
11898,W,16 - Convenience Ds CDM,Active,202,TOLLYGUNGE CG (NEW) 1,31-12-2099,118EXP2021CU0019,W1 MADAN LAL,Active,Daily,27-03-2021 19:52,
11898,W,16 - Convenience Ds CDM,Active,202,TOLLYGUNGE CG (NEW) 1,31-12-2099,118EXP2021CU0067,W10 R C GUPTA,Active,Daily,27-03-2021 19:52,
11898,W,16 - Convenience Ds CDM,Active,202,TOLLYGUNGE CG (NEW) 1,31-12-2099,118EXP2022CU0120,W11 BABU LAL,Active,Daily,27-03-2021 19:52,
11898,W,16 - Convenience Ds CDM,Active,202,TOLLYGUNGE CG (NEW) 1,31-12-2099,118EXP2022CU0119,W12 ALPONA,Active,Daily,27-03-2021 19:52,
11898,W,16 - Convenience Ds CDM,Active,202,TOLLYGUNGE CG (NEW) 1,31-12-2099,118EXP2022CU0121,W13 SRIKANT,Active,Daily,27-03-2021 19:52,
11898,W,16 - Convenience Ds CDM,Active,202,TOLLYGUNGE CG (NEW) 1,31-12-2099,118EXP2022CU0122,W14 S LILA RAM,Active,Daily,27-03-2021 19:52,
11898,W,16 - Convenience Ds CDM,Active,202,TOLLYGUNGE CG (NEW) 1,31-12-2099,118EXP2022CU0123,W15 S S SHAW,Active,Daily,27-03-2021 19:52,
11898,W,16 - Convenience Ds CDM,Active,202,TOLLYGUNGE CG (NEW) 1,31-12-2099,118EXP2023CU0124,W16 SADHUJI PAAN SHOP,Active,Daily,27-03-2021 19:52,
11898,W,16 - Convenience Ds CDM,Active,202,TOLLYGUNGE CG (NEW) 1,31-12-2099,118EXP2023CU0125,W17 BIVAS,Active,Daily,27-03-2021 19:52,
11898,W,16 - Convenience Ds CDM,Active,202,TOLLYGUNGE CG (NEW) 1,31-12-2099,118EXP2023CU0126,W18 NEW LUCKY,Active,Daily,27-03-2021 19:52,
11898,W,16 - Convenience Ds CDM,Active,202,TOLLYGUNGE CG (NEW) 1,31-12-2099,118EXP2023CU0127,W19 NEW KASHI,Active,Daily,27-03-2021 19:52,
11898,W,16 - Convenience Ds CDM,Active,202,TOLLYGUNGE CG (NEW) 1,31-12-2099,118EXP2021CU0020,W2 BENARASHI PAN SHOP,Active,Daily,27-03-2021 19:52,
11898,W,16 - Convenience Ds CDM,Active,202,TOLLYGUNGE CG (NEW) 1,31-12-2099,118EXP2023CU0128,W20 BENARASHI PAAN,Active,Daily,27-03-2021 19:52,
11898,W,16 - Convenience Ds CDM,Active,202,TOLLYGUNGE CG (NEW) 1,31-12-2099,118EXP2023CU0129,W21 RAGHU PAAN SHOP,Active,Daily,27-03-2021 19:52,
11898,W,16 - Convenience Ds CDM,Active,202,TOLLYGUNGE CG (NEW) 1,31-12-2099,118EXP2023CU0130,W22 SWEET HUT,Active,Daily,27-03-2021 19:52,
11898,W,16 - Convenience Ds CDM,Active,202,TOLLYGUNGE CG (NEW) 1,31-12-2099,118EXP2023CU0131,W23 SHAW STORES,Active,Daily,27-03-2021 19:52,
11898,W,16 - Convenience Ds CDM,Active,202,TOLLYGUNGE CG (NEW) 1,31-12-2099,118EXP2023CU0132,W24 SHRIKANT SINGH,Active,Daily,27-03-2021 19:52,
11898,W,16 - Convenience Ds CDM,Active,202,TOLLYGUNGE CG (NEW) 1,31-12-2099,118EXP2023CU0133,W25 S P GUPTA,Active,Daily,27-03-2021 19:52,
11898,W,16 - Convenience Ds CDM,Active,202,TOLLYGUNGE CG (NEW) 1,31-12-2099,118EXP2021CU0021,W3 MUNSHI,Active,Daily,27-03-2021 19:52,
11898,W,16 - Convenience Ds CDM,Active,202,TOLLYGUNGE CG (NEW) 1,31-12-2099,118EXP2021CU0022,W4 DEBLAL SHAW,Active,Daily,27-03-2021 19:52,
11898,W,16 - Convenience Ds CDM,Active,202,TOLLYGUNGE CG (NEW) 1,31-12-2099,118EXP2021CU0023,W5 NEW PAN,Active,Daily,27-03-2021 19:52,
11898,W,16 - Convenience Ds CDM,Active,202,TOLLYGUNGE CG (NEW) 1,31-12-2099,118EXP2021CU0063,W6 J BHAGAT,Active,Daily,27-03-2021 19:52,
11898,W,16 - Convenience Ds CDM,Active,202,TOLLYGUNGE CG (NEW) 1,31-12-2099,118EXP2021CU0064,W7 RAM PERVAS,Active,Daily,27-03-2021 19:52,
11898,W,16 - Convenience Ds CDM,Active,202,TOLLYGUNGE CG (NEW) 1,31-12-2099,118EXP2021CU0065,W8 RAJENDRA STORES,Active,Daily,27-03-2021 19:52,
11898,W,16 - Convenience Ds CDM,Active,202,TOLLYGUNGE CG (NEW) 1,31-12-2099,118EXP2021CU0066,W9 MADAN LAL GUPTA,Active,Daily,27-03-2021 19:52,
118116,X,16 - Convenience Ds CDM,Active,CY0000000324,ROY BAHADUR RD TO EXIDE,31-12-2999,118DMS072500173,X1 CHOWRASIA PAN,Active,Daily,17-07-2025 12:44,
118116,X,16 - Convenience Ds CDM,Active,CY0000000324,ROY BAHADUR RD TO EXIDE,31-12-2999,118DMS092500219,X10 PRIANKA STORES,Active,Daily,17-07-2025 12:44,
118116,X,16 - Convenience Ds CDM,Active,CY0000000324,ROY BAHADUR RD TO EXIDE,31-12-2999,118DMS092500220,X11 R C GHOSH,Active,Daily,17-07-2025 12:44,
118116,X,16 - Convenience Ds CDM,Active,CY0000000324,ROY BAHADUR RD TO EXIDE,31-12-2999,118DMS092500221,X12 ROHINI CABIN,Active,Daily,17-07-2025 12:44,
118116,X,16 - Convenience Ds CDM,Active,CY0000000324,ROY BAHADUR RD TO EXIDE,31-12-2999,118DMS092500222,X13 DEBASISH SAHA,Active,Daily,17-07-2025 12:44,
118116,X,16 - Convenience Ds CDM,Active,CY0000000324,ROY BAHADUR RD TO EXIDE,31-12-2999,118DMS092500223,X14 SREE BISHNU PAAN,Active,Daily,17-07-2025 12:44,
118116,X,16 - Convenience Ds CDM,Active,CY0000000324,ROY BAHADUR RD TO EXIDE,31-12-2999,118DMS092500224,X15 KANU TEA,Active,Daily,17-07-2025 12:44,
118116,X,16 - Convenience Ds CDM,Active,CY0000000324,ROY BAHADUR RD TO EXIDE,31-12-2999,118DMS092500225,X16 JAGA PAAN,Active,Daily,17-07-2025 12:44,
118116,X,16 - Convenience Ds CDM,Active,CY0000000324,ROY BAHADUR RD TO EXIDE,31-12-2999,118DMS092500226,X17 SANTOSH STORE,Active,Daily,17-07-2025 12:44,
118116,X,16 - Convenience Ds CDM,Active,CY0000000324,ROY BAHADUR RD TO EXIDE,31-12-2999,118DMS092500227,X18 S D SHAW,Active,Daily,17-07-2025 12:44,
118116,X,16 - Convenience Ds CDM,Active,CY0000000324,ROY BAHADUR RD TO EXIDE,31-12-2999,118DMS072500174,X2 BENARASHI PAAN BHANDAR,Active,Daily,17-07-2025 12:44,
118116,X,16 - Convenience Ds CDM,Active,CY0000000324,ROY BAHADUR RD TO EXIDE,31-12-2999,118DMS072500175,X3 BIPLAB PAAN,Active,Daily,17-07-2025 12:44,
118116,X,16 - Convenience Ds CDM,Active,CY0000000324,ROY BAHADUR RD TO EXIDE,31-12-2999,118DMS092500213,X4 N DIKSHIT,Active,Daily,17-07-2025 12:44,
118116,X,16 - Convenience Ds CDM,Active,CY0000000324,ROY BAHADUR RD TO EXIDE,31-12-2999,118DMS092500214,X5 SOVA RANI TEA,Active,Daily,17-07-2025 12:44,
118116,X,16 - Convenience Ds CDM,Active,CY0000000324,ROY BAHADUR RD TO EXIDE,31-12-2999,118DMS092500215,X6 J ANSARI,Active,Daily,17-07-2025 12:44,
118116,X,16 - Convenience Ds CDM,Active,CY0000000324,ROY BAHADUR RD TO EXIDE,31-12-2999,118DMS092500216,X7 RAMESH PAAN,Active,Daily,17-07-2025 12:44,
118116,X,16 - Convenience Ds CDM,Active,CY0000000324,ROY BAHADUR RD TO EXIDE,31-12-2999,118DMS092500217,X8 LAXMI PAAN,Active,Daily,17-07-2025 12:44,
118116,X,16 - Convenience Ds CDM,Active,CY0000000324,ROY BAHADUR RD TO EXIDE,31-12-2999,118DMS092500218,X9 PASUPATI PAAN SHOP,Active,Daily,17-07-2025 12:44,
118121,Y,16 - Convenience Ds CDM,Active,CY0000000326,TOLLYGUNGE CG (NEW) 2,31-12-2999,118DMS042600285,Y1 MADAN LAL,Active,Daily,01-04-2026 12:47,
118121,Y,16 - Convenience Ds CDM,Active,CY0000000326,TOLLYGUNGE CG (NEW) 2,31-12-2999,118DMS042600286,Y10 R C GUPTA,Active,Daily,01-04-2026 12:47,
118121,Y,16 - Convenience Ds CDM,Active,CY0000000326,TOLLYGUNGE CG (NEW) 2,31-12-2999,118DMS042600287,Y11 BABU LAL,Active,Daily,01-04-2026 12:47,
118121,Y,16 - Convenience Ds CDM,Active,CY0000000326,TOLLYGUNGE CG (NEW) 2,31-12-2999,118DMS042600288,Y12 ALPONA,Active,Daily,01-04-2026 12:47,
118121,Y,16 - Convenience Ds CDM,Active,CY0000000326,TOLLYGUNGE CG (NEW) 2,31-12-2999,118DMS042600289,Y13 SRIKANT,Active,Daily,01-04-2026 12:47,
118121,Y,16 - Convenience Ds CDM,Active,CY0000000326,TOLLYGUNGE CG (NEW) 2,31-12-2999,118DMS042600290,Y14 S LILA RAM,Active,Daily,01-04-2026 12:47,
118121,Y,16 - Convenience Ds CDM,Active,CY0000000326,TOLLYGUNGE CG (NEW) 2,31-12-2999,118DMS042600291,Y15 S S SHAW,Active,Daily,01-04-2026 12:47,
118121,Y,16 - Convenience Ds CDM,Active,CY0000000326,TOLLYGUNGE CG (NEW) 2,31-12-2999,118DMS042600292,Y16 SADHUJI PAAN SHOP,Active,Daily,01-04-2026 12:47,
118121,Y,16 - Convenience Ds CDM,Active,CY0000000326,TOLLYGUNGE CG (NEW) 2,31-12-2999,118DMS042600293,Y17 BIVAS,Active,Daily,01-04-2026 12:47,
118121,Y,16 - Convenience Ds CDM,Active,CY0000000326,TOLLYGUNGE CG (NEW) 2,31-12-2999,118DMS042600294,Y18 NEW LUCKY,Active,Daily,01-04-2026 12:47,
118121,Y,16 - Convenience Ds CDM,Active,CY0000000326,TOLLYGUNGE CG (NEW) 2,31-12-2999,118DMS042600295,Y19 NEW KASHI,Active,Daily,01-04-2026 12:47,
118121,Y,16 - Convenience Ds CDM,Active,CY0000000326,TOLLYGUNGE CG (NEW) 2,31-12-2999,118DMS042600296,Y2 BENARASHI PAN SHOP,Active,Daily,01-04-2026 12:47,
118121,Y,16 - Convenience Ds CDM,Active,CY0000000326,TOLLYGUNGE CG (NEW) 2,31-12-2999,118DMS042600297,Y20 BENARASHI PAAN,Active,Daily,01-04-2026 12:47,
118121,Y,16 - Convenience Ds CDM,Active,CY0000000326,TOLLYGUNGE CG (NEW) 2,31-12-2999,118DMS042600298,Y21 RAGHU PAAN SHOP,Active,Daily,01-04-2026 12:47,
118121,Y,16 - Convenience Ds CDM,Active,CY0000000326,TOLLYGUNGE CG (NEW) 2,31-12-2999,118DMS042600299,Y22 SWEET HUT,Active,Daily,01-04-2026 12:47,
118121,Y,16 - Convenience Ds CDM,Active,CY0000000326,TOLLYGUNGE CG (NEW) 2,31-12-2999,118DMS042600300,Y23 SHAW STORES,Active,Daily,01-04-2026 12:47,
118121,Y,16 - Convenience Ds CDM,Active,CY0000000326,TOLLYGUNGE CG (NEW) 2,31-12-2999,118DMS042600301,Y24 SHRIKANT SINGH,Active,Daily,01-04-2026 12:47,
118121,Y,16 - Convenience Ds CDM,Active,CY0000000326,TOLLYGUNGE CG (NEW) 2,31-12-2999,118DMS042600303,Y25 S P GUPTA,Active,Daily,01-04-2026 12:47,
118121,Y,16 - Convenience Ds CDM,Active,CY0000000326,TOLLYGUNGE CG (NEW) 2,31-12-2999,118DMS042600302,Y3 MUNSHI,Active,Daily,01-04-2026 12:47,
118121,Y,16 - Convenience Ds CDM,Active,CY0000000326,TOLLYGUNGE CG (NEW) 2,31-12-2999,118DMS042600304,Y4 DEBLAL SHAW,Active,Daily,01-04-2026 12:47,
118121,Y,16 - Convenience Ds CDM,Active,CY0000000326,TOLLYGUNGE CG (NEW) 2,31-12-2999,118DMS042600305,Y5 NEW PAN,Active,Daily,01-04-2026 12:47,
118121,Y,16 - Convenience Ds CDM,Active,CY0000000326,TOLLYGUNGE CG (NEW) 2,31-12-2999,118DMS042600306,Y6 J BHAGAT,Active,Daily,01-04-2026 12:47,
118121,Y,16 - Convenience Ds CDM,Active,CY0000000326,TOLLYGUNGE CG (NEW) 2,31-12-2999,118DMS042600307,Y7 RAM PERVAS,Active,Daily,01-04-2026 12:47,
118121,Y,16 - Convenience Ds CDM,Active,CY0000000326,TOLLYGUNGE CG (NEW) 2,31-12-2999,118DMS042600308,Y8 RAJENDRA STORES,Active,Daily,01-04-2026 12:47,
118121,Y,16 - Convenience Ds CDM,Active,CY0000000326,TOLLYGUNGE CG (NEW) 2,31-12-2999,118DMS042600309,Y9 MADAN LAL GUPTA,Active,Daily,01-04-2026 12:47,
,,,,,,,,,,,,Page 1 of 1
