Product Master,,,,,,,,,,,,,,,,,,,,,,,,,,
,,,,,,,,,,,,,,,,,,,,,Printed by ITD436_OP1 at 22/05/2026 12:14:45,,,,,
Status :,,Active,,,,,,,,,,,,,,,,,,,,,,,,
Category :,,CG - 01 CIGARETTE,,,,,,,,,,,,,,,,,,,,,,,,
Sub Category :,,"CACFT - FILTER,CACKS - KING SIZE,CACSK - SUPER KINGS,CADRS - REGULAR SIZE,CAMKS - KING SIZE,CAMLO - LONGS,CAMRS - REGULAR SIZE,CAMSK - SUPER KINGS,CBHKS - KING SIZE,CBHLO - LONGS,CBHRS - REGULAR SIZE,...",,,,,,,,,,,,,,,,,,,,,,,,
Product :,,"1000 - NAVYCUT FT 10PP_1000,1006 - GOLD FLAKE PREM MINT SWITCH 10BE_1006,1012 - NAVYCUT FT 20PP_1012,1016 - NAVY CUT SPECIAL FT-500S 10BE_1016,1017 - NAVYCUT FILTER 10HL BE_1017,102 - PLAYERS GOLD LEA...",,,,,,,,,,,,,,,,,,,,,,,,
SBU,Category,Sub Category,MSKU,Vajra Product Group Name,Button Description,Item Code,Item Description,WD Customised Description,HSN,EAN Number,Item Status,PTR per PAC,MRP,UOM1,UOM1 Conversion,UOM2,UOM2 Conversion,UOM3,UOM3 Conversion,Number of PACs in CFC,Number of PACs in Outer,License on SKU,SGST%,CGST%,Cess%,Addl Cess per M
C,CG,CAMKS,AMCLUBCLOVEMINT10,,,1207,AMERICAN CLUB CLOVE MINT FK 10BE_1207,American Club Clove Mint FK 10BE_1207,2402 20 90,8901725120719,Active,120.71,190.00,CFC,5.000000,PAC,0.010000,OUT,,500.00,,No license checking,20.00,20.00,0.00,0.00
C,CG,CAMSK,AMCNYCOOLSLKFTK20,,,3760,AMCLUBNY COOL SLEEKSFTK20RC_3760,AMCLUBNY COOL SLEEKSFTK20RC_3760,2402 20 90,8902953376015,Active,221.14,360.00,CFC,4.000000,PAC,0.020000,OUT,,200.00,,No license checking,20.00,20.00,0.00,0.00
C,CG,CBHKS,B&HFTKGB20,,,300,B&H GOLD BLUE FTK 20HL_300,B&H Gold Blue FTK 20HL_300,2402 20 90,8901725081614,Active,306.86,480.00,CFC,10.000000,PAC,0.020000,OUT,,500.00,,No license checking,20.00,20.00,0.00,0.00
C,CG,CBHKS,B&HFTKGB20,,,4513,B&H GOLD BLUE FTK-FIRM FILTER 20HL_4513,B&H GOLD BLUE FTK-FIRM FILTER 20HL_4513,2402 20 90,8901725081614,Active,306.86,480.00,CFC,10.000000,PAC,0.020000,OUT,,500.00,,No license checking,20.00,20.00,0.00,0.00
C,CG,CBHKS,B&HFTKSPL20,,,299,BENSON & HEDGES SPECIALFTK-MD 20HL_299,BENSON & HEDGES SPECIALFTK-MD 20HL_299,2402 20 90,8901725081416,Active,215.86,340.00,CFC,5.000000,PAC,0.020000,OUT,,250.00,,No license checking,20.00,20.00,0.00,0.00
C,CG,CBHKS,B&HFTKSPL20,,,4512,B&H SPL FTK-FIRM FILTER NPCT 20HL_4512,B&H SPL FTK-FIRM FILTER NPCT 20HL_4512,2402 20 90,8901725081416,Active,306.86,480.00,CFC,5.000000,PAC,0.020000,OUT,,250.00,,No license checking,20.00,20.00,0.00,0.00
C,CG,CCLKS,CLALPHATECFK10,,,3502,CLASSSIC ALPHATEC FTK10BE_3502,Classsic Alphatec FTK10BE_3502,2402 20 90,8901725350215,Active,107.93,170.00,CFC,10.000000,PAC,0.010000,OUT,,"1,000.00",,No license checking,20.00,20.00,0.00,0.00
C,CG,CCLKS,CLALPHATECFK20,,,3503,CLASSSIC ALPHATEC FTK20BE_3503,Classsic Alphatec FTK20BE_3503,2402 20 90,8901725350314,Active,306.86,480.00,CFC,5.000000,PAC,0.020000,OUT,,250.00,,No license checking,20.00,20.00,0.00,0.00
C,CG,CCLKS,CLASSICICEBURST10,,,3043,CLASSIC ICE BURST 10M -CC 10BE_3043,Classic Ice Burst 10m -CC 10BE_3043,2402 20 90,8901725089511,Active,153.43,240.00,CFC,10.000000,PAC,0.010000,OUT,,"1,000.00",,No license checking,20.00,20.00,0.00,0.00
C,CG,CCLKS,CLASSICICEBURST20,,,3652,CL ICE BURST FS-CC-BDG-ND-20BE_3652,Cl Ice Burst FS-CC-BDG-ND-20BE_3652,2402 20 90,8901725089412,Active,306.86,480.00,CFC,10.000000,PAC,0.020000,OUT,,500.00,,No license checking,20.00,20.00,0.00,0.00
C,CG,CCLKS,CLDOUBLEBURST10,,,3045,CLASSIC DOUBLE BURST FK -CC 10BE_3045,Classic Double Burst FK -CC 10BE_3045,2402 20 90,8901725150419,Active,153.43,240.00,CFC,2.000000,PAC,0.010000,OUT,,200.00,,No license checking,20.00,20.00,0.00,0.00
C,CG,CCLKS,CLDOUBLEBURST20,,,3653,CL DOUBLE BURST FS-BDG-ND 20BE_3653,Cl Double Burst FS-BDG-ND 20BE_3653,2402 20 90,8901725120610,Active,306.86,480.00,CFC,5.000000,PAC,0.020000,OUT,,250.00,,No license checking,20.00,20.00,0.00,0.00
C,CG,CCLKS,CLFINTASTLOWSMEL10,,,3047,CL FINE TLOW SMELL NPCT -CC 10BE_3047,Cl Fine TLow Smell NPCT -CC 10BE_3047,2402 20 90,8901725008611,Active,153.43,240.00,CFC,2.000000,PAC,0.010000,OUT,,200.00,,No license checking,20.00,20.00,0.00,0.00
C,CG,CCLKS,CLFINTASTLOWSMEL20,,,3483,CL FINET LS NPCT FS -CC-BDG20BE_3483,Cl FineT LS NPCT FS -CC-BDG20BE_3483,2402 20 90,8901725008819,Active,306.86,480.00,CFC,10.000000,PAC,0.020000,OUT,,500.00,,No license checking,20.00,20.00,0.00,0.00
C,CG,CCLKS,CLFLKBT10,,,3751,CL BT FIRMFT NB-MD1-10BE_3751,CL BT FIRMFT NB-MD1-10BE_3751,2402 20 90,8901725037116,Active,153.43,240.00,CFC,10.000000,PAC,0.010000,OUT,,"1,000.00",,No license checking,20.00,20.00,0.00,0.00
C,CG,CCLKS,CLFTKBT20,,,3423,CLASSIC BT - 20FS_3423,Cl BT NB ND -CC-BDG 20FS_3423,2402 20 90,8901725033811,Active,215.86,340.00,CFC,10.000000,PAC,0.020000,OUT,,500.00,,No license checking,20.00,20.00,0.00,0.00
C,CG,CCLKS,CLFTKBT20,,,3752,CLASSIC BT-20FS-MD1_3752,CLASSIC BT-20FS-MD1_3752,2402 20 90,8901725033811,Active,306.86,480.00,CFC,10.000000,PAC,0.020000,OUT,,500.00,,No license checking,20.00,20.00,0.00,0.00
C,CG,CCLKS,CLFTKREFT10,,,3753,CL REFN T FIRMFT-MD1-10 BE_3753,CL REFN T FIRMFT-MD1-10 BE_3753,2402 20 90,8901725037918,Active,153.43,240.00,CFC,10.000000,PAC,0.010000,OUT,,"1,000.00",,No license checking,20.00,20.00,0.00,0.00
C,CG,CCLKS,CLFTKRT10,,,3055,CLASSIC RICH T FIRMFT -CC 10 RC_3055,Classic Rich T FirmFT -CC 10 RC_3055,2402 20 90,8901725036317,Active,107.93,170.00,CFC,10.000000,PAC,0.010000,OUT,,"1,000.00",,No license checking,20.00,20.00,0.00,0.00
C,CG,CCLKS,CLFTKRT10,,,3771,CL RICH T FIRMFT-MD1-10BE_3771,CL RICH T FIRMFT-MD1-10BE_3771,2402 20 90,8901725036317,Active,153.43,240.00,CFC,10.000000,PAC,0.010000,OUT,,"1,000.00",,No license checking,20.00,20.00,0.00,0.00
C,CG,CCLKS,CLFTKRT20,,,3424,CL RICH T ND -CC-BDG 20FS_3424,Cl Rich T ND -CC-BDG 20FS_3424,2402 20 90,8901725034917,Active,215.86,340.00,CFC,10.000000,PAC,0.020000,OUT,,500.00,,No license checking,20.00,20.00,0.00,0.00
C,CG,CCLKS,CLFTKRT20,,,3755,CL RICH T ND-MD1-BDG 20FS_3755,CL RICH T ND-MD1-BDG 20FS_3755,2402 20 90,8901725034917,Active,306.86,480.00,CFC,10.000000,PAC,0.020000,OUT,,500.00,,No license checking,20.00,20.00,0.00,0.00
C,CG,CCLKS,CLFTKVR16CP,,,3441,CLASSIC VERVE 16CP(4M)-OLV_3441,CLASSIC VERVE 16CP(4m)-olv_3441,2402 20 90,8901725040017,Active,198.86,312.00,CFC,4.000000,PAC,0.016000,OUT,,250.00,,No license checking,20.00,20.00,0.00,0.00
C,CG,CCLKS,CLFTKVRBT16CP,,,3679,CLVERVE BALANCEDTASTE16CP-MD_3679,CLVERVE BALANCEDTASTE16CP-MD_3679,2402 20 90,8901725346614,Active,198.86,312.00,CFC,4.000000,PAC,0.016000,OUT,,250.00,,No license checking,20.00,20.00,0.00,0.00
C,CG,CCLKS,CLFTLREFT20,,,3425,CL REFND T ND -CC-BDG 20FS_3425,Cl Refnd T ND -CC-BDG 20FS_3425,2402 20 90,8901725034115,Active,215.86,340.00,CFC,10.000000,PAC,0.020000,OUT,,500.00,,No license checking,20.00,20.00,0.00,0.00
C,CG,CCLKS,CLFTLREFT20,,,3761,CL REFN T ND-MD1-BDG 20FS_3761,CL REFN T ND-MD1-BDG 20FS_3761,2402 20 90,8901725034115,Active,306.86,480.00,CFC,10.000000,PAC,0.020000,OUT,,500.00,,No license checking,20.00,20.00,0.00,0.00
C,CG,CCLLO,CLFTLONBT10,,,4469,CL BALANCED TASTE LONGS FT10BE_4469,CL BALANCED TASTE LONGS FT10BE_4469,2402 20 50,8902953446916,Active,112.00,175.00,CFC,10.000000,PAC,0.010000,OUT,,"1,000.00",,No license checking,20.00,20.00,0.00,0.00
C,CG,CCLLO,CLFTLONREF10,,,4471,CL REFINED TASTE LONGS FT10BE_4471,CL REFINED TASTE LONGS FT10BE_4471,2402 20 50,8902953447111,Active,112.00,175.00,CFC,10.000000,PAC,0.010000,OUT,,"1,000.00",,No license checking,20.00,20.00,0.00,0.00
C,CG,CCLLO,CLFTLONRT10,,,4470,CL RICH TASTE LONGS FT10BE_4470,CL RICH TASTE LONGS FT10BE_4470,2402 20 50,8902953447012,Active,112.00,175.00,CFC,10.000000,PAC,0.010000,OUT,,"1,000.00",,No license checking,20.00,20.00,0.00,0.00
C,CG,CCLLO,CLICEBRSTOPTLON10,,,4499,CL ICE BURST OPTIMA LONGS 10BE_4499,CL ICE BURST OPTIMA LONGS 10BE_4499,2402 20 50,8902953449917,Active,112.00,175.00,CFC,10.000000,PAC,0.010000,OUT,,"1,000.00",,No license checking,20.00,20.00,0.00,0.00
C,CG,CCLSK,CLASSICCONNECTFK20,,,3692,CLASSIC CONNECT FTK 20RC-10M_3692,CLASSIC CONNECT FTK 20RC-10M_3692,2402 20 90,8901725307912,Active,248.57,390.00,CFC,10.000000,PAC,0.020000,OUT,,500.00,,No license checking,20.00,20.00,0.00,0.00
C,CG,CCLSK,CLASSICREFNDTSLK20,,,3678,CLASSIC REFINEDTASTE SLK 20RC_3678,CLASSIC REFINEDTASTE SLK 20RC_3678,2402 20 90,8902953367815,Active,264.28,440.00,CFC,4.000000,PAC,0.020000,OUT,,200.00,,No license checking,20.00,20.00,0.00,0.00
C,CG,CCLSK,CLCLOVEFTK12,,,3714,CLASSIC CLOVE KSFT_3714,CLASSIC CLOVE KSFT_3714,2402 20 90,8902953371416,Active,133.14,234.00,CFC,6.000000,PAC,0.012000,OUT,,500.00,,No license checking,20.00,20.00,0.00,0.00
C,CG,CCLSK,CLFTKBLUELEAF20,,,999,CLASSIC BLUE LEAF FTK 20BE_999,CLASSIC BLUE LEAF FTK 20BE_999,2402 20 90,8901725099916,Active,311.14,500.00,CFC,2.000000,PAC,0.020000,OUT,,100.00,,No license checking,20.00,20.00,0.00,0.00
C,CG,CFLDS,FLAKESKYDSFT10,,,4430,FLAKE SKY DSFT10BE_4430,FLAKE SKY DSFT10BE_4430,2402 20 30,8902953443014,Active,39.47,70.00,CFC,12.000000,PAC,0.010000,OUT,,"1,200.00",,No license checking,20.00,20.00,0.00,0.00
C,CG,CFLDS,FLFRFLVDSFT10,,,3018,FLAKE FRSH FLAV SPL DSFT NS 10BE_3018,Flake Frsh Flav Spl DSFT NS 10BE_3018,2402 20 30,8901725010645,Active,37.86,60.00,CFC,12.000000,PAC,0.010000,OUT,,"1,200.00",,No license checking,20.00,20.00,0.00,0.00
C,CG,CFLDS,FLINSTAFRSHSPL10,,,4506,FLAKE INSTA FRESH SPL DSFT 10BE_4506,FLAKE INSTA FRESH SPL DSFT 10BE_4506,2402 20 30,8902953450616,Active,38.47,70.00,CFC,12.000000,PAC,0.010000,OUT,,"1,200.00",,No license checking,20.00,20.00,0.00,0.00
C,CG,CFLDS,FLSPLDSFT10,,,3615,FLAKE SPECIAL DSFT NS 10BE-MD_3615,Flake Special DSFT NS 10BE-MD_3615,2402 20 30,8901725053215,Active,49.71,78.00,CFC,12.000000,PAC,0.010000,OUT,,"1,200.00",,No license checking,20.00,20.00,0.00,0.00
C,CG,CFLDS,FLSPLDSFT10,,,3775,FLAKE SPL DSFT 10BE-MD-LEP_3775,FLAKE SPL DSFT 10BE-MD-LEP_3775,2402 20 30,8901725053215,Active,49.71,78.00,CFC,12.000000,PAC,0.010000,OUT,,"1,200.00",,No license checking,20.00,20.00,0.00,0.00
C,CG,CFLRS,FLAKEINSTAFRSHFT10,,,3703,FLAKE INSTA FRESH CAP FT10BE_3703,FLAKE INSTA FRESH CAP FT10BE_3703,2402 20 40,8902953370310,Active,43.00,70.00,CFC,4.000000,PAC,0.010000,OUT,,400.00,,No license checking,20.00,20.00,0.00,0.00
C,CG,CGFDS,GFINDIESPLFT10,,,4495,GOLD FLAKE INDIE SPECIAL FT10BE-V2_4495,GOLD FLAKE INDIE SPECIAL FT10BE-V2_4495,2402 20 30,8902953447418,Active,59.64,94.00,CFC,12.000000,PAC,0.010000,OUT,,"1,200.00",,No license checking,20.00,20.00,0.00,0.00
C,CG,CGFDS,GFPRSPLFT10,,,4472,GOLD FLAKE PREMIUM SPECIAL FT10BE_4472,GOLD FLAKE PREMIUM SPECIAL FT10BE_4472,2402 20 30,8902953447210,Active,59.64,94.00,CFC,12.000000,PAC,0.010000,OUT,,"1,200.00",,No license checking,20.00,20.00,0.00,0.00
C,CG,CGFDS,GFSPSTRDSFT10-VAR2,,,3727,GFLAKE SUPER STAR V2-10BE_3727,GFLAKE SUPER STAR V2-10BE_3727,2402 20 30,8901725063719,Active,50.43,79.00,CFC,12.000000,PAC,0.010000,OUT,,"1,200.00",,No license checking,20.00,20.00,0.00,0.00
C,CG,CGFKS,GFFTK10,,,3611,GFK RED FFT-NGW-PI-2-10RC_3611,GFK RED FFT-NGW-PI-2-10RC_3611,2402 20 90,8901725012915,Active,107.93,170.00,CFC,10.000000,PAC,0.010000,OUT,,"1,000.00",,No license checking,20.00,20.00,0.00,0.00
C,CG,CGFKS,GFFTK10,,,3756,GFK RED NBUNDLE+NPCT1 10RC_3756,GFK RED NBUNDLE+NPCT1 10RC_3756,2402 20 90,8901725012915,Active,153.43,240.00,CFC,10.000000,PAC,0.010000,OUT,,"1,000.00",,No license checking,20.00,20.00,0.00,0.00
C,CG,CGFKS,GFFTK10,,,3785,GFK RED NBUNDLE+NPCT1-PI 10RC_3785,GFK RED NBUNDLE+NPCT1-PI 10RC_3785,2402 20 90,8901725012915,Active,107.93,170.00,CFC,10.000000,PAC,0.010000,OUT,,"1,000.00",,No license checking,20.00,20.00,0.00,0.00
C,CG,CGFKS,GFFTK20,,,3757,GFK RED NBUNDLE+NPCT1 20RC_3757,GFK RED NBUNDLE+NPCT1 20RC_3757,2402 20 90,8901725012113,Active,306.86,480.00,CFC,10.000000,PAC,0.020000,OUT,,500.00,,No license checking,20.00,20.00,0.00,0.00
C,CG,CGFKS,GFFTKBLUE10,,,3758,GFK BLUE NBUNDLE+NPCT1 10BE_3758,GFK BLUE NBUNDLE+NPCT1 10BE_3758,2402 20 90,8901725014612,Active,153.43,240.00,CFC,10.000000,PAC,0.010000,OUT,,"1,000.00",,No license checking,20.00,20.00,0.00,0.00
C,CG,CGFKS,GFFTKBLUE20,,,3724,GFK BLUE FTK NBUNDLE 20BE_3724,GFK BLUE FTK NBUNDLE 20BE_3724,2402 20 90,8901725016012,Active,215.86,340.00,CFC,10.000000,PAC,0.020000,OUT,,500.00,,No license checking,20.00,20.00,0.00,0.00
C,CG,CGFKS,GFFTKBLUE20,,,3759,GFK BLUE NBUNDLE+NPCT1 20BE_3759,GFK BLUE NBUNDLE+NPCT1 20BE_3759,2402 20 90,8901725016012,Active,306.86,480.00,CFC,10.000000,PAC,0.020000,OUT,,500.00,,No license checking,20.00,20.00,0.00,0.00
C,CG,CGFKS,GFKDISCOVWORLDSR20,,,4620,GFKDISCOVERWORLDSERIES20SB-LEV_4620,GFKDISCOVERWORLDSERIES20SB-LEV_4620,2402 20 90,8902953462015,Active,311.14,500.00,CFC,2.000000,PAC,0.020000,OUT,,100.00,,No license checking,20.00,20.00,0.00,0.00
C,CG,CGFKS,GFKMIXPOD10,,,3371,GFK MIXPOD FTK 10BE_3371,GFK Mixpod FTK 10BE_3371,2402 20 90,8901725337117,Active,153.43,240.00,CFC,10.000000,PAC,0.010000,OUT,,"1,000.00",,No license checking,20.00,20.00,0.00,0.00
C,CG,CGFKS,GFKMIXPOD20,,,3370,GFK MIXPOD FTK 20BE_3370,GFK Mixpod FTK 20BE_3370,2402 20 90,8901725337018,Active,306.86,480.00,CFC,10.000000,PAC,0.020000,OUT,,500.00,,No license checking,20.00,20.00,0.00,0.00
C,CG,CGFKS,GFKMIXPOD20,,,3415,GFK MIXPOD 20BE-PI_3415,GFK MIXPOD 20BE-PI_3415,2402 20 90,8901725337018,Active,215.86,340.00,CFC,10.000000,PAC,0.020000,OUT,,500.00,,No license checking,20.00,20.00,0.00,0.00
C,CG,CGFKS,GFSLFTK16CP,,,3531,GOLDFLAKE SLK 16CP(4M)-OLV-NPCT_3531,GoldFlake SLK 16CP(4m)-olv-NPCT_3531,2402 20 90,8901725019914,Active,198.86,312.00,CFC,4.000000,PAC,0.016000,OUT,,250.00,,No license checking,20.00,20.00,0.00,0.00
C,CG,CGFKS,GFTKTWINPOD10,,,3528,GOLD FLAKE TWINPOD 10BE_3528,Gold Flake Twinpod 10BE_3528,2402 20 90,8901725352813,Active,153.43,240.00,CFC,10.000000,PAC,0.010000,OUT,,"1,000.00",,No license checking,20.00,20.00,0.00,0.00
C,CG,CGFKS,GFTKTWINPOD20,,,3527,GOLD FLAKE TWINPOD 20BE_3527,Gold Flake Twinpod 20BE_3527,2402 20 90,8901725352714,Active,215.86,340.00,CFC,5.000000,PAC,0.020000,OUT,,250.00,,No license checking,20.00,20.00,0.00,0.00
C,CG,CGFLO,GFMXPODOPTIMALON10,,,4503,GF MIXPOD OPTIMA LONGS FT 10BE_4503,GF MIXPOD OPTIMA LONGS FT 10BE_4503,2402 20 50,8902953450319,Active,112.00,175.00,CFC,10.000000,PAC,0.010000,OUT,,"1,000.00",,No license checking,20.00,20.00,0.00,0.00
C,CG,CGFLO,GOLDFLAKEBLUELON10,,,4468,GOLD FLAKE BLUE LONGS FT10BE V2_4468,GOLD FLAKE BLUE LONGS FT10BE V2_4468,2402 20 50,8902953446817,Active,112.00,175.00,CFC,10.000000,PAC,0.010000,OUT,,"1,000.00",,No license checking,20.00,20.00,0.00,0.00
C,CG,CGFLO,GOLDFLAKEREDLON10,,,4467,GOLD FLAKE RED LONGS FT10BE V2_4467,GOLD FLAKE RED LONGS FT10BE V2_4467,2402 20 50,8902953446718,Active,112.00,175.00,CFC,10.000000,PAC,0.010000,OUT,,"1,000.00",,No license checking,20.00,20.00,0.00,0.00
C,CG,CGFRS,GFINDIEMINTFT10,,,3585,GF INDIE MINT 10BE-MD1-12M-V2_3585,GF Indie Mint 10BE-MD1-12M-V2_3585,2402 20 40,8901725309510,Active,72.14,115.00,CFC,12.000000,PAC,0.010000,OUT,,"1,200.00",,No license checking,20.00,20.00,0.00,0.00
C,CG,CGFRS,GFNEOSMARTFT10,,,3332,GF NEO SMART FT10BE-VAR R_3332,GF Neo SMART FT10BE-Var R_3332,2402 20 40,8901725333218,Active,65.92,115.00,CFC,4.000000,PAC,0.010000,OUT,,400.00,,No license checking,20.00,20.00,0.00,0.00
C,CG,CGFRS,GFPRFT10,,,3607,GFLAKE PRM FT 10BE NPCT-FFT2_3607,GFLAKE PRM FT 10BE NPCT-FFT2_3607,2402 20 40,8901725176518,Active,72.14,115.00,CFC,12.000000,PAC,0.010000,OUT,,"1,200.00",,No license checking,20.00,20.00,0.00,0.00
C,CG,CGFSK,GFKSOCIAL2POD20,,,3624,GOLDFLAKE FK SOCIAL 2-POD 20RC_3624,GOLDFLAKE FK SOCIAL 2-POD 20RC_3624,2402 20 90,8902953362414,Active,228.57,390.00,CFC,4.000000,PAC,0.020000,OUT,,200.00,,No license checking,20.00,20.00,0.00,0.00
C,CG,CGFSK,GFKSOCIALRED20,,,3622,GOLDFLAKE FK SOCIAL RED 20RC_3622,GOLDFLAKE FK SOCIAL RED 20RC_3622,2402 20 90,8902953362216,Active,248.57,390.00,CFC,4.000000,PAC,0.020000,OUT,,200.00,,No license checking,20.00,20.00,0.00,0.00
C,CG,CIKKS,IKFTKRICHGOLD20,,,3073,IKINGS RICH GOLD -MD -CC 20RC_3073,IKINGS RICH GOLD -MD -CC 20RC_3073,2402 20 90,8901725003012,Active,311.14,500.00,CFC,10.000000,PAC,0.020000,OUT,,500.00,,No license checking,20.00,20.00,0.00,0.00
C,CG,CIKKS,IKFTKWHITEGOLD20,,,3074,IKINGS WHITE GOLD -CC 20BE_3074,IKINGS WHITE GOLD -CC 20BE_3074,2402 20 90,8901725098513,Active,311.14,500.00,CFC,5.000000,PAC,0.020000,OUT,,250.00,,No license checking,20.00,20.00,0.00,0.00
C,CG,CINSK,INSIGFTK20SB,,,1403,INSIGNIA FTK 20SB_1403,INSIGNIA FTK 20SB_1403,2402 20 90,8901725140311,Active,311.14,500.00,CFC,2.000000,PAC,0.020000,OUT,,100.00,,No license checking,20.00,20.00,0.00,0.00
C,CG,CNCDS,NCVIRGINIADSFT10,,,1718,NAVY CUT VIRGINIA DSFT 10HL_1718,Navy Cut Virginia DSFT 10HL_1718,2402 20 30,8901725171810,Active,37.86,60.00,CFC,12.000000,PAC,0.010000,OUT,,"1,200.00",,No license checking,20.00,20.00,0.00,0.00
C,CG,CNCLO,NC10,,,3743,NCLONGS 10PP(MD+NPCT)-FIRMFT_3743,NCLONGS 10PP(MD+NPCT)-FIRMFT_3743,2402 20 50,8901725122010,Active,89.00,140.00,CFC,10.000000,PAC,0.010000,OUT,,"1,000.00",,No license checking,20.00,20.00,0.00,0.00
C,CG,CNCRS,NAVYCUT FT 10BE,,,3732,NAVYCUT FT 10BE-MD-NPCT1-FFT_3732,NAVYCUT FT 10BE-MD-NPCT1-FFT_3732,2402 20 40,8901725109714,Active,62.71,99.00,CFC,12.000000,PAC,0.010000,OUT,,"1,200.00",,No license checking,20.00,20.00,0.00,0.00
C,CG,CNCRS,NCFT REFRMINT10,,,3460,NC REFR MINT T 10BE-NS-200S_3460,NC Refr Mint T 10BE-NS-200s_3460,2402 20 40,8901725117313,Active,36.14,59.00,CFC,12.000000,PAC,0.010000,OUT,,"1,200.00",,No license checking,20.00,20.00,0.00,0.00
C,CG,CSCDS,SCBLUEDSFT10,,,3020,SILKCUT BLUE SPL DSFT NS 10BE_3020,SILKCUT Blue Spl DSFT NS 10BE_3020,2402 20 30,8901725016319,Active,37.86,60.00,CFC,12.000000,PAC,0.010000,OUT,,"1,200.00",,No license checking,20.00,20.00,0.00,0.00
C,CG,CSCDS,SCDSFT10,,,3704,SILKCUT SPL DSFT 10BE-MDPCT_3704,SILKCUT SPL DSFT 10BE-MDPCT_3704,2402 20 30,8901725011543,Active,44.50,70.00,CFC,12.000000,PAC,0.010000,OUT,,"1,200.00",,No license checking,20.00,20.00,0.00,0.00
C,CG,CSCDS,SCVIRGDSFT10,,,1046,SILKCUT VIRGINIA DSFT NB 10HL_1046,SILKCUT VIRGINIA DSFT NB 10HL_1046,2402 20 30,8901725065713,Active,34.79,55.00,CFC,12.000000,PAC,0.010000,OUT,,"1,200.00",,No license checking,20.00,20.00,0.00,0.00
C,CG,CSEKS,SE555FTK20,,,72,STATE EXPRESS 555 GOLD -MD 20RC_72,STATE EXPRESS 555 Gold -MD 20RC_72,2402 20 90,8901725025014,Active,306.86,480.00,CFC,2.000000,PAC,0.020000,OUT,,100.00,,No license checking,20.00,20.00,0.00,0.00
C,CG,CWCRS,WILLSCLOVE FT10,,,4622,WILLS CLOVE FT10BE_4622,WILLS CLOVE FT10BE_4622,2402 20 40,8902953462213,Active,62.71,99.00,CFC,4.000000,PAC,0.010000,OUT,,400.00,,No license checking,20.00,20.00,0.00,0.00
C,CG,CWVDS,WAVECOOLMINTDLX10,,,4492,WAVE COOL MINT DLX FT10BE-NB_4492,WAVE COOL MINT DLX FT10BE-NB_4492,2402 20 30,8902953446510,Active,36.28,60.00,CFC,12.000000,PAC,0.010000,OUT,,"1,200.00",,No license checking,20.00,20.00,0.00,0.00
C,CG,CWVDS,WVBOSSREFTDSFT10,,,4491,WAVEBOSS REFINED TASTE DSFT10BE_4491,WAVEBOSS REFINED TASTE DSFT10BE_4491,2402 20 30,8902953449115,Active,36.28,60.00,CFC,12.000000,PAC,0.010000,OUT,,"1,200.00",,No license checking,20.00,20.00,0.00,0.00
C,CG,CWVDS,WVFRUITMINTSPLFT10,,,4489,WAVE FRUIT MINT SPL DSFT 10BE_4489,WAVE FRUIT MINT SPL DSFT 10BE_4489,2402 20 30,8902953448910,Active,36.28,60.00,CFC,12.000000,PAC,0.010000,OUT,,"1,200.00",,No license checking,20.00,20.00,0.00,0.00
C,CG,CWVRS,WAVEBOSSSMTHTFT10,,,3398,WAVE BOSS SMOOTH TASTE 10BE_3398,Wave Boss Smooth Taste 10BE_3398,2402 20 40,8901725339814,Active,36.28,60.00,CFC,4.000000,PAC,0.010000,OUT,,400.00,,No license checking,20.00,20.00,0.00,0.00
C,CG,CWVRS,WAVECOOLM10,,,3745,WAVE COOL MINT10BE-NB-IFP-MDPCT_3745,WAVE COOL MINT10BE-NB-IFP-MDPCT_3745,2402 20 40,8901725153717,Active,36.28,60.00,CFC,12.000000,PAC,0.010000,OUT,,"1,200.00",,No license checking,20.00,20.00,0.00,0.00
C,CG,CWVRS,WAVEFRUITM10,,,3638,WAVE FRUT MNT10BE-NB-IFP-200S-12M_3638,Wave Frut Mnt10BE-NB-IFP-200s-12m_3638,2402 20 40,8901725153915,Active,36.28,60.00,CFC,12.000000,PAC,0.010000,OUT,,"1,200.00",,No license checking,20.00,20.00,0.00,0.00
,,,,,,,,,,,,,,,,,,,,,,,,,Page 1 of 1,
